"","CHR","SNP","BP","A1","TEST","NMISS","BETA","STAT","P","hit"
"241481",2,"GSA-rs2116435",55072474,"G","ADD",79,0.446,1.151,0.2535,"rs11125573"
"241489",2,"GSA-rs13033818",55079388,"T","ADD",78,-0.5848,-1.655,0.1024,"rs11125573"
"241497",2,"GSA-rs62136943",55083881,"C","ADD",79,-1.111,-2.044,0.04475,"rs11125573"
"241505",2,"rs1371020",55087887,"A","ADD",79,0.07865,0.1822,0.856,"rs11125573"
"241513",2,"rs13004573",55093013,"G","ADD",79,1.086,1.452,0.1511,"rs11125573"
"241521",2,"GSA-rs72482058",55102608,"A","ADD",79,-0.737,-1.549,0.1259,"rs11125573"
"241529",2,"rs2163618",55111689,"G","ADD",79,0.6017,1.146,0.2558,"rs11125573"
"241537",2,"rs13422312",55120179,"C","ADD",79,-0.7539,-1.458,0.1494,"rs11125573"
"241545",2,"rs1438818",55120659,"C","ADD",79,0.6521,1.828,0.07177,"rs11125573"
"241553",2,"rs6545454",55122589,"G","ADD",79,-1.024,-2.67,0.009428,"rs11125573"
"241561",2,"rs17046465",55125403,"G","ADD",79,1.049,1.612,0.1114,"rs11125573"
"241569",2,"rs6545459",55150611,"G","ADD",79,0.03319,0.08544,0.9322,"rs11125573"
"241577",2,"GSA-rs13390825",55152587,"G","ADD",79,-0.433,-1.074,0.2864,"rs11125573"
"241585",2,"rs17418194",55155957,"T","ADD",79,-0.3255,-0.6069,0.5459,"rs11125573"
"241593",2,"rs755229",55156296,"A","ADD",79,0.2493,0.6817,0.4977,"rs11125573"
"241601",2,"rs4672001",55181382,"G","ADD",79,0.002549,0.006019,0.9952,"rs11125573"
"241609",2,"rs10746530",55181893,"G","ADD",79,0.1352,0.1895,0.8503,"rs11125573"
"241617",2,"rs2580765",55204028,"C","ADD",79,-0.1599,-0.4001,0.6903,"rs11125573"
"241625",2,"rs2968787",55265785,"C","ADD",79,0.3406,0.9154,0.3631,"rs11125573"
"241633",2,"GSA-rs7584354",55271875,"T","ADD",79,0.1058,0.2825,0.7784,"rs11125573"
"241641",2,"GSA-rs1822616",55283878,"T","ADD",79,0.2105,0.5855,0.5601,"rs11125573"
"241649",2,"rs2972076",55288803,"T","ADD",79,0.2191,0.3063,0.7603,"rs11125573"
"241657",2,"rs2972072",55295370,"A","ADD",79,-0.2092,-0.5377,0.5925,"rs11125573"
"241665",2,"GSA-rs2920881",55298517,"T","ADD",79,-0.5296,-1.121,0.2661,"rs11125573"
"241673",2,"rs7607923",55323183,"A","ADD",79,-0.1328,-0.3342,0.7392,"rs11125573"
"241681",2,"rs12464796",55327407,"T","ADD",77,0.5892,1.138,0.2591,"rs11125573"
"241689",2,"GSA-rs7578257",55345758,"T","ADD",79,0.2273,0.5549,0.5807,"rs11125573"
"241697",2,"rs2920854",55351010,"T","ADD",78,0.5023,1.376,0.1733,"rs11125573"
"241705",2,"rs2968800",55359155,"C","ADD",79,-0.6359,-1.586,0.1172,"rs11125573"
"241713",2,"rs7575639",55369847,"T","ADD",79,0.514,1.532,0.1301,"rs11125573"
"241721",2,"rs4318424",55387701,"A","ADD",79,0.1684,0.188,0.8514,"rs11125573"
"241729",2,"rs6714830",55389938,"A","ADD",79,-0.2963,-0.8176,0.4163,"rs11125573"
"241737",2,"rs6717482",55395732,"C","ADD",78,0.6001,1.139,0.2586,"rs11125573"
"241745",2,"rs14026",55404794,"G","ADD",79,0.2994,0.7864,0.4343,"rs11125573"
"241753",2,"GSA-rs13032294",55404883,"C","ADD",79,0.1684,0.188,0.8514,"rs11125573"
"241761",2,"rs4671241",55408556,"A","ADD",79,-0.3317,-0.9112,0.3653,"rs11125573"
"241769",2,"GSA-rs6747364",55420825,"A","ADD",79,0.1997,0.4869,0.6279,"rs11125573"
"241777",2,"rs9677948",55436934,"A","ADD",79,0.5244,1.113,0.2696,"rs11125573"
"241785",2,"rs6545480",55460751,"C","ADD",79,0.07047,0.18,0.8577,"rs11125573"
"241793",2,"rs72797593",55469313,"G","ADD",79,-0.7176,-0.9394,0.3508,"rs11125573"
"241801",2,"GSA-rs2576709",55476591,"A","ADD",79,-1.424,-1.53,0.1305,"rs11125573"
"241809",2,"rs12622129",55501727,"G","ADD",78,-0.2664,-0.4067,0.6855,"rs11125573"
"241817",2,"exm2269275",55505681,"T","ADD",78,-0.1927,-0.397,0.6926,"rs11125573"
"241825",2,"rs7579539",55507386,"T","ADD",78,0.1745,0.295,0.7688,"rs11125573"
"241833",2,"rs2589113",55516323,"A","ADD",79,-0.3138,-0.3529,0.7252,"rs11125573"
"241841",2,"rs10189439",55539905,"C","ADD",79,0.8929,2.22,0.02968,"rs11125573"
"241849",2,"GSA-rs10194425",55587004,"A","ADD",78,0.8508,2.125,0.03721,"rs11125573"
"241857",2,"GSA-rs79422941",55630251,"C","ADD",79,-0.353,-0.3985,0.6915,"rs11125573"
"241865",2,"rs6545492",55639980,"C","ADD",79,-0.2125,-0.3634,0.7174,"rs11125573"
"241873",2,"rs4672045",55658147,"G","ADD",79,-0.2452,-0.4327,0.6666,"rs11125573"
"241881",2,"rs11125573",55659155,"G","ADD",79,1.927,4.675,1.386e-05,"rs11125573"
"241889",2,"rs5831368",55679732,"C","ADD",79,0.5783,1.384,0.1709,"rs11125573"
"241897",2,"rs4671246",55688713,"C","ADD",79,0.4751,0.9185,0.3615,"rs11125573"
"241905",2,"rs56227318",55696805,"G","ADD",79,0.6254,1.005,0.3183,"rs11125573"
"241913",2,"rs10165864",55723038,"T","ADD",79,-0.2656,-0.6712,0.5043,"rs11125573"
"241921",2,"rs12986587",55727476,"A","ADD",79,0.3017,0.7036,0.484,"rs11125573"
"241929",2,"GSA-rs3748945",55776793,"G","ADD",79,0.5191,1.376,0.1733,"rs11125573"
"241937",2,"rs7594279",55812073,"G","ADD",79,-0.3079,-0.7454,0.4585,"rs11125573"
"241945",2,"rs782590",55843413,"T","ADD",78,-0.2699,-0.6493,0.5183,"rs11125573"
"241953",2,"rs736345",55846146,"G","ADD",76,0.8663,1.721,0.08995,"rs11125573"
"241961",2,"GSA-rs9309267",55850333,"T","ADD",79,1.367,1.744,0.08551,"rs11125573"
"241969",2,"GSA-rs7594497",55872538,"C","ADD",79,1.367,1.744,0.08551,"rs11125573"
"241977",2,"GSA-rs6545513",55884864,"A","ADD",79,1.367,1.744,0.08551,"rs11125573"
"241985",2,"GSA-rs13013133",55889466,"A","ADD",79,-0.005541,-0.01334,0.9894,"rs11125573"
"241993",2,"rs782633",55898203,"C","ADD",79,-0.3478,-0.8374,0.4052,"rs11125573"
"242001",2,"rs706551",55903620,"C","ADD",79,-0.08561,-0.1263,0.8998,"rs11125573"
"242009",2,"GSA-rs12615063",55907482,"T","ADD",79,1.367,1.744,0.08551,"rs11125573"
"242017",2,"GSA-rs1443746",55918189,"G","ADD",79,0.3507,0.8601,0.3926,"rs11125573"
"242025",2,"rs62165255",55932585,"A","ADD",79,-0.2752,-0.6836,0.4965,"rs11125573"
"242033",2,"rs782610",55935395,"G","ADD",79,-0.1654,-0.324,0.7469,"rs11125573"
"242041",2,"rs10178492",55958891,"C","ADD",78,0.1367,0.2604,0.7953,"rs11125573"
"242049",2,"rs6729407",55963418,"C","ADD",79,-0.07676,-0.1372,0.8913,"rs11125573"
"242057",2,"rs1346793",55970281,"T","ADD",79,-0.6355,-1.344,0.1832,"rs11125573"
"242065",2,"GSA-rs2163237",55973732,"T","ADD",78,-0.2827,-0.6029,0.5486,"rs11125573"
"242073",2,"GSA-rs76851277",55978911,"T","ADD",79,0.8197,0.9883,0.3264,"rs11125573"
"242081",2,"GSA-rs10496054",55988870,"G","ADD",79,0.7769,0.9618,0.3395,"rs11125573"
"242089",2,"rs1465624",55991651,"T","ADD",79,-0.43,-1.065,0.2906,"rs11125573"
"242097",2,"GSA-rs6752931",56004219,"T","ADD",79,-0.001692,-0.003655,0.9971,"rs11125573"
"242105",2,"rs11893573",56007034,"C","ADD",76,-0.09299,-0.1899,0.85,"rs11125573"
"242113",2,"rs10496052",56010473,"G","ADD",79,-0.1232,-0.265,0.7918,"rs11125573"
"242121",2,"GSA-rs732132",56011881,"T","ADD",79,0.292,0.6376,0.5258,"rs11125573"
"242129",2,"rs12615158",56032999,"T","ADD",79,0.04167,0.09035,0.9283,"rs11125573"
"242137",2,"rs10196888",56036226,"G","ADD",79,1.202,1.5,0.1381,"rs11125573"
"242145",2,"rs4146922",56067182,"A","ADD",78,-0.1472,-0.3263,0.7452,"rs11125573"
"242153",2,"GSA-rs10180043",56068378,"T","ADD",79,0.1581,0.2954,0.7685,"rs11125573"
"242161",2,"rs934278",56070352,"G","ADD",79,-0.7451,-1.777,0.07992,"rs11125573"
"242169",2,"rs7571341",56071062,"A","ADD",79,-0.2461,-0.3396,0.7351,"rs11125573"
"242177",2,"rs6545528",56082610,"T","ADD",79,0.12,0.2353,0.8147,"rs11125573"
"242185",2,"rs7565703",56085063,"A","ADD",79,1.06,1.333,0.1869,"rs11125573"
"242193",2,"rs1367226",56089540,"T","ADD",79,-0.6032,-1.432,0.1565,"rs11125573"
"242201",2,"rs3791679",56096892,"C","ADD",79,-0.2162,-0.4648,0.6435,"rs11125573"
"242209",2,"rs59985551",56106928,"T","ADD",79,-0.2162,-0.4648,0.6435,"rs11125573"
"242217",2,"rs1346786",56108333,"T","ADD",79,-0.2926,-0.761,0.4492,"rs11125573"
"242225",2,"rs11680866",56108689,"A","ADD",79,0.9311,1.364,0.1769,"rs11125573"
"242233",2,"GSA-rs3791676",56110552,"T","ADD",79,-0.5026,-1.195,0.236,"rs11125573"
"242241",2,"rs3791675",56111309,"A","ADD",79,-0.4014,-0.9461,0.3474,"rs11125573"
"242249",2,"rs1367228",56112440,"A","ADD",79,-0.002651,-0.006549,0.9948,"rs11125573"
"242257",2,"GSA-rs11125609",56115834,"C","ADD",79,0.009617,0.02376,0.9811,"rs11125573"
"242265",2,"rs1430192",56117040,"T","ADD",78,-0.1069,-0.2564,0.7984,"rs11125573"
"242273",2,"rs11125610",56117614,"C","ADD",78,-0.2748,-0.5323,0.5962,"rs11125573"
"242281",2,"rs1430193",56120853,"T","ADD",79,-0.3348,-0.8906,0.3762,"rs11125573"
"296769",2,"rs1837162",140426628,"G","ADD",79,-0.2153,-0.4867,0.628,"rs201276730"
"296777",2,"GSA-rs79886278",140468272,"A","ADD",79,-0.4885,-0.6304,0.5305,"rs201276730"
"296785",2,"exm2269326",140478663,"C","ADD",79,-1.178,-1.49,0.1407,"rs201276730"
"296793",2,"rs4369034",140494388,"T","ADD",79,-0.2839,-0.5648,0.574,"rs201276730"
"296801",2,"rs10193630",140494663,"A","ADD",79,-0.3429,-0.8041,0.424,"rs201276730"
"296809",2,"rs6705510",140518262,"T","ADD",79,-0.6194,-0.8414,0.403,"rs201276730"
"296817",2,"GSA-rs938827",140533235,"T","ADD",79,-0.09846,-0.1512,0.8803,"rs201276730"
"296825",2,"GSA-rs12470679",140538475,"G","ADD",78,-0.3098,-0.62,0.5373,"rs201276730"
"296833",2,"rs1356799",140567666,"G","ADD",79,-0.2986,-0.6059,0.5466,"rs201276730"
"296841",2,"rs6724734",140579673,"G","ADD",79,-0.2144,-0.4509,0.6534,"rs201276730"
"296849",2,"rs6724964",140579813,"C","ADD",79,-0.2272,-0.4007,0.6899,"rs201276730"
"296857",2,"rs2889460",140586741,"C","ADD",79,-0.01615,-0.04045,0.9678,"rs201276730"
"296865",2,"rs6758413",140605306,"T","ADD",78,-0.3475,-0.6416,0.5233,"rs201276730"
"296873",2,"GSA-rs68080121",140608213,"C","ADD",79,-0.6375,-1.189,0.2385,"rs201276730"
"296881",2,"rs4954803",140617177,"C","ADD",79,-0.579,-0.7458,0.4583,"rs201276730"
"296889",2,"rs73960783",140628882,"G","ADD",79,-0.5867,-0.8183,0.416,"rs201276730"
"296897",2,"rs35711839",140639415,"C","ADD",75,-0.331,-0.587,0.5592,"rs201276730"
"296905",2,"rs6722928",140651329,"A","ADD",77,0.5908,1.287,0.2025,"rs201276730"
"296913",2,"GSA-rs4588123",140651778,"T","ADD",79,-0.3048,-0.5595,0.5776,"rs201276730"
"296921",2,"GSA-rs13004315",140652120,"T","ADD",79,-0.3019,-0.5562,0.5799,"rs201276730"
"296929",2,"rs7591869",140659840,"G","ADD",79,0.1959,0.5168,0.6069,"rs201276730"
"296937",2,"rs7606774",140666027,"G","ADD",79,0.3678,0.8853,0.379,"rs201276730"
"296945",2,"GSA-rs16843069",140680731,"G","ADD",79,-0.3204,-0.5429,0.5889,"rs201276730"
"296953",2,"rs7568693",140683305,"A","ADD",79,-0.1787,-0.4615,0.6459,"rs201276730"
"296961",2,"rs7607195",140714614,"A","ADD",79,-0.4199,-0.6616,0.5104,"rs201276730"
"296969",2,"GSA-rs12467588",140718693,"T","ADD",78,-0.3983,-0.5616,0.5762,"rs201276730"
"296977",2,"rs3856354",140723694,"C","ADD",79,-0.3678,-1.013,0.3147,"rs201276730"
"296985",2,"rs78742813",140728191,"A","ADD",79,-0.5406,-0.6413,0.5234,"rs201276730"
"296993",2,"rs2380747",140737439,"G","ADD",77,-0.4888,-0.8488,0.399,"rs201276730"
"297001",2,"exm2269327",140750641,"T","ADD",79,-0.4388,-0.8785,0.3827,"rs201276730"
"297009",2,"rs7579130",140756534,"G","ADD",79,-0.1197,-0.2424,0.8092,"rs201276730"
"297017",2,"rs10174096",140765882,"G","ADD",76,-0.3101,-0.5418,0.5898,"rs201276730"
"297025",2,"rs4359577",140797961,"A","ADD",79,-0.3823,-0.7974,0.4279,"rs201276730"
"297033",2,"GSA-rs16843261",140809596,"C","ADD",78,0.07719,0.1984,0.8433,"rs201276730"
"297041",2,"GSA-rs12105000",140813276,"A","ADD",78,0.3477,0.8999,0.3713,"rs201276730"
"297049",2,"rs1569103",140843027,"T","ADD",79,0.2982,0.8332,0.4076,"rs201276730"
"297057",2,"rs7599391",140846338,"T","ADD",79,-0.4013,-1.068,0.289,"rs201276730"
"297065",2,"GSA-rs35733203",140852448,"G","ADD",79,0.8847,1.227,0.224,"rs201276730"
"297073",2,"rs16843311",140858451,"C","ADD",79,-1.091,-2.651,0.009928,"rs201276730"
"297081",2,"rs6430871",140880629,"T","ADD",77,-1.034,-2.466,0.01619,"rs201276730"
"297089",2,"rs4954669",140884146,"C","ADD",79,-0.01906,-0.04571,0.9637,"rs201276730"
"297097",2,"rs2141253",140905471,"A","ADD",79,0.4129,1.136,0.2597,"rs201276730"
"297105",2,"rs7568724",140910687,"G","ADD",79,0.7618,2.077,0.04151,"rs201276730"
"297113",2,"rs825714",140922911,"T","ADD",79,0.1949,0.2539,0.8003,"rs201276730"
"297121",2,"rs1104130",140934990,"C","ADD",79,-0.07141,-0.1661,0.8686,"rs201276730"
"297129",2,"rs7606264",140936326,"G","ADD",79,0.07398,0.1694,0.8659,"rs201276730"
"297137",2,"GSA-rs9287533",140943640,"T","ADD",79,-0.626,-1.69,0.09547,"rs201276730"
"297145",2,"GSA-rs10197964",140948967,"G","ADD",79,0.1803,0.4354,0.6646,"rs201276730"
"297153",2,"rs16843644",141000302,"A","ADD",75,1.036,2.087,0.04076,"rs201276730"
"297161",2,"rs10469593",141023643,"C","ADD",79,-1.496,-4.082,0.000117,"rs201276730"
"297169",2,"rs201276730",141041879,"C","ADD",77,-1.737,-4.461,3.145e-05,"rs201276730"
"297177",2,"rs10496839",141049869,"T","ADD",79,-1.383,-3.158,0.002343,"rs201276730"
"297185",2,"rs10169128",141067682,"G","ADD",79,0.3731,0.9007,0.3708,"rs201276730"
"297193",2,"GSA-rs11894060",141084395,"C","ADD",78,1.138,2.702,0.008675,"rs201276730"
"297201",2,"rs16843864",141130695,"T","ADD",79,0.6861,0.8999,0.3713,"rs201276730"
"297209",2,"GSA-rs114993988",141138010,"A","ADD",79,0.9843,1.276,0.2061,"rs201276730"
"297217",2,"rs1568256",141166435,"G","ADD",79,0.6861,0.8999,0.3713,"rs201276730"
"297225",2,"GSA-rs13003828",141194114,"A","ADD",76,0.5023,1.082,0.2832,"rs201276730"
"297233",2,"GSA-rs17387292",141194627,"C","ADD",79,-0.1863,-0.3615,0.7188,"rs201276730"
"297241",2,"GSA-rs1518444",141197873,"T","ADD",79,0.4089,0.8525,0.3969,"rs201276730"
"297249",2,"rs11683334",141253408,"T","ADD",79,-0.712,-2.024,0.04675,"rs201276730"
"297257",2,"GSA-rs35296183",141259283,"A","ADD",79,-0.1863,-0.3615,0.7188,"rs201276730"
"297265",2,"GSA-rs35559425",141267855,"C","ADD",79,0.1995,0.365,0.7162,"rs201276730"
"297273",2,"rs6430904",141269323,"T","ADD",79,0.488,1.127,0.2637,"rs201276730"
"297281",2,"rs56673723",141271235,"T","ADD",79,0.488,1.127,0.2637,"rs201276730"
"297289",2,"GSA-rs78948883",141288399,"T","ADD",79,-0.1385,-0.2291,0.8195,"rs201276730"
"297297",2,"rs10208328",141290516,"T","ADD",79,-0.1215,-0.3249,0.7462,"rs201276730"
"297305",2,"rs6729619",141298467,"C","ADD",79,0.2014,0.5456,0.5871,"rs201276730"
"297313",2,"GSA-rs6430913",141300595,"T","ADD",79,0.2242,0.5987,0.5513,"rs201276730"
"297321",2,"GSA-rs6430918",141307263,"G","ADD",79,0.08989,0.2371,0.8133,"rs201276730"
"297329",2,"rs10496849",141334108,"T","ADD",79,0.374,0.9744,0.3332,"rs201276730"
"297337",2,"rs6732761",141334737,"C","ADD",79,-0.1709,-0.4751,0.6362,"rs201276730"
"297345",2,"rs10170926",141336597,"A","ADD",75,0.2918,0.6809,0.4983,"rs201276730"
"297353",2,"rs13425997",141339511,"T","ADD",79,-1.025,-1.473,0.1452,"rs201276730"
"297361",2,"rs6752743",141348478,"T","ADD",78,-0.0104,-0.01954,0.9845,"rs201276730"
"297369",2,"rs1372256",141354396,"T","ADD",79,0.09391,0.2278,0.8205,"rs201276730"
"297377",2,"rs10153880",141365171,"G","ADD",79,0.04096,0.1084,0.914,"rs201276730"
"297385",2,"rs506281",141391918,"T","ADD",79,-0.8476,-1.691,0.0952,"rs201276730"
"297393",2,"rs1564934",141399837,"C","ADD",79,-0.3957,-0.9839,0.3286,"rs201276730"
"297401",2,"GSA-rs115030306",141407271,"C","ADD",79,0.4519,0.5796,0.564,"rs201276730"
"297409",2,"rs16844450",141426726,"G","ADD",79,-0.9794,-1.069,0.2887,"rs201276730"
"297417",2,"rs6737361",141428751,"G","ADD",78,-1.09,-2.331,0.02266,"rs201276730"
"297425",2,"rs6740361",141435040,"C","ADD",79,-1.287,-1.335,0.1862,"rs201276730"
"297433",2,"rs16844483",141439812,"A","ADD",79,-0.5787,-1.313,0.1935,"rs201276730"
"297441",2,"rs10928065",141441490,"T","ADD",79,-0.1078,-0.1784,0.8589,"rs201276730"
"297449",2,"rs34694228",141457962,"A","ADD",78,-0.5378,-0.6636,0.5092,"rs201276730"
"297457",2,"rs72907465",141460564,"T","ADD",79,0.6463,1.043,0.3004,"rs201276730"
"297465",2,"rs6746848",141471725,"G","ADD",79,-0.4806,-1.341,0.1843,"rs201276730"
"297473",2,"rs5028532",141481128,"G","ADD",79,0.6131,0.998,0.3217,"rs201276730"
"297481",2,"GSA-rs288125",141496596,"T","ADD",79,0.2848,0.5813,0.5629,"rs201276730"
"297489",2,"rs16844617",141500692,"C","ADD",78,-0.54,-0.8406,0.4035,"rs201276730"
"297497",2,"rs78946786",141508916,"C","ADD",79,0.8223,1.592,0.1158,"rs201276730"
"297505",2,"rs288110",141511801,"G","ADD",79,-0.1789,-0.4761,0.6355,"rs201276730"
"297513",2,"rs1486127",141522150,"T","ADD",79,0.2527,0.6208,0.5368,"rs201276730"
"297521",2,"GSA-rs79671283",141522408,"T","ADD",79,-0.2902,-0.3065,0.7602,"rs201276730"
"297529",2,"rs62173564",141524072,"G","ADD",79,0.4084,1.024,0.3093,"rs201276730"
"297537",2,"GSA-rs62173597",141544742,"T","ADD",79,-0.9182,-0.9854,0.3278,"rs201276730"
"297545",2,"rs7606602",141560538,"T","ADD",79,0.287,0.7334,0.4658,"rs201276730"
"297553",2,"rs2890537",141561255,"C","ADD",79,-0.4305,-0.8459,0.4005,"rs201276730"
"297561",2,"rs16844785",141562876,"G","ADD",79,0.82,1.253,0.2146,"rs201276730"
"297569",2,"GSA-rs3749010",141571329,"T","ADD",79,-0.4053,-0.7813,0.4373,"rs201276730"
"1271369",9,"GSA-rs7855377",349518,"A","ADD",79,0.3848,0.8174,0.4165,"GSA-rs10815368"
"1271377",9,"GSA-rs1410219",351558,"A","ADD",79,0.8675,1.348,0.1821,"GSA-rs10815368"
"1271385",9,"GSA-rs1887528",354680,"A","ADD",78,0.2864,0.6591,0.512,"GSA-rs10815368"
"1271393",9,"GSA-rs1887530",355040,"G","ADD",79,0.2673,0.4466,0.6565,"GSA-rs10815368"
"1271401",9,"GSA-rs7470883",355183,"G","ADD",79,0.2673,0.4466,0.6565,"GSA-rs10815368"
"1271409",9,"GSA-rs10972267",359381,"G","ADD",79,0.1791,0.3735,0.7099,"GSA-rs10815368"
"1271417",9,"GSA-rs12335885",359395,"A","ADD",79,0.1791,0.3735,0.7099,"GSA-rs10815368"
"1271425",9,"GSA-rs10972564",367030,"G","ADD",79,0.1325,0.2207,0.826,"GSA-rs10815368"
"1271433",9,"rs17673268",368128,"T","ADD",79,-0.1976,-0.2835,0.7776,"GSA-rs10815368"
"1271441",9,"GSA-rs750871",369323,"G","ADD",79,0.03084,0.05795,0.954,"GSA-rs10815368"
"1271449",9,"GSA-rs10973014",376538,"T","ADD",79,0.5621,1.117,0.2677,"GSA-rs10815368"
"1271457",9,"GSA-rs10973100",378267,"A","ADD",79,-0.02109,-0.02791,0.9778,"GSA-rs10815368"
"1271465",9,"GSA-rs10814465",378673,"G","ADD",79,0.5621,1.117,0.2677,"GSA-rs10815368"
"1271473",9,"GSA-rs66683293",388202,"C","ADD",78,0.4348,0.8823,0.3807,"GSA-rs10815368"
"1271481",9,"GSA-rs1547216",392785,"A","ADD",79,0.0836,0.1716,0.8643,"GSA-rs10815368"
"1271489",9,"GSA-rs10814731",396380,"G","ADD",78,0.1326,0.3437,0.7321,"GSA-rs10815368"
"1271497",9,"GSA-rs4366131",404349,"A","ADD",79,0.9521,1.002,0.3198,"GSA-rs10815368"
"1271505",9,"GSA-rs4741868",407290,"G","ADD",79,0.2948,0.745,0.4588,"GSA-rs10815368"
"1271513",9,"GSA-rs10974325",417477,"C","ADD",78,0.3493,0.8546,0.3957,"GSA-rs10815368"
"1271521",9,"GSA-rs6476806",419399,"A","ADD",79,0.5902,1.204,0.2328,"GSA-rs10815368"
"1271529",9,"GSA-rs2297080",421860,"G","ADD",79,0.4864,0.9574,0.3417,"GSA-rs10815368"
"1271537",9,"GSA-rs10217719",422157,"T","ADD",79,0.2297,0.5606,0.5769,"GSA-rs10815368"
"1271545",9,"GSA-rs7853977",423052,"G","ADD",79,-0.3669,-1.042,0.3012,"GSA-rs10815368"
"1271553",9,"GSA-rs6476810",424327,"G","ADD",79,0.4301,0.8731,0.3856,"GSA-rs10815368"
"1271561",9,"GSA-rs7861897",429474,"A","ADD",79,0.502,1.28,0.2049,"GSA-rs10815368"
"1271569",9,"GSA-rs956919",436707,"G","ADD",79,0.4356,0.9602,0.3403,"GSA-rs10815368"
"1271577",9,"GSA-rs4740765",445613,"T","ADD",79,0.3299,0.6892,0.493,"GSA-rs10815368"
"1271585",9,"GSA-rs7035876",447314,"A","ADD",79,0.1052,0.1701,0.8654,"GSA-rs10815368"
"1271593",9,"GSA-rs4741955",447887,"G","ADD",79,0.574,1.356,0.1795,"GSA-rs10815368"
"1271601",9,"GSA-rs7853027",459024,"T","ADD",79,-0.12,-0.2734,0.7853,"GSA-rs10815368"
"1271609",9,"GSA-rs77331055",459075,"C","ADD",79,-0.2881,-0.3356,0.7381,"GSA-rs10815368"
"1271617",9,"GSA-rs3780338",464920,"G","ADD",79,-0.1036,-0.225,0.8226,"GSA-rs10815368"
"1271625",9,"GSA-rs10815054",476518,"G","ADD",79,-0.03359,-0.04471,0.9645,"GSA-rs10815368"
"1271633",9,"GSA-rs10974726",476996,"G","ADD",79,-0.03359,-0.04471,0.9645,"GSA-rs10815368"
"1271641",9,"GSA-rs62531956",477236,"A","ADD",79,0.7178,1.387,0.17,"GSA-rs10815368"
"1271649",9,"GSA-rs2282038",478530,"A","ADD",79,0.361,0.78,0.438,"GSA-rs10815368"
"1271657",9,"GSA-rs10974741",479157,"A","ADD",79,0.5829,1.212,0.2294,"GSA-rs10815368"
"1271665",9,"GSA-rs3739593",484336,"T","ADD",79,0.6058,1.472,0.1455,"GSA-rs10815368"
"1271673",9,"GSA-rs7024942",529916,"C","ADD",79,0.5647,0.6618,0.5103,"GSA-rs10815368"
"1271681",9,"GSA-rs2021846",537031,"A","ADD",79,-0.7091,-0.8168,0.4168,"GSA-rs10815368"
"1271689",9,"GSA-rs10120392",537358,"C","ADD",79,-0.8794,-1.713,0.09118,"GSA-rs10815368"
"1271697",9,"GSA-rs10975061",543631,"T","ADD",79,0.6915,1.316,0.1925,"GSA-rs10815368"
"1271705",9,"GSA-rs2804288",552324,"A","ADD",79,0.3509,0.7738,0.4417,"GSA-rs10815368"
"1271713",9,"GSA-rs2641984",555653,"C","ADD",79,-0.04998,-0.1259,0.9002,"GSA-rs10815368"
"1271721",9,"GSA-rs3739592",557617,"G","ADD",79,-0.6443,-1.207,0.2315,"GSA-rs10815368"
"1271729",9,"GSA-rs16919733",564836,"T","ADD",79,0.5236,1.292,0.2005,"GSA-rs10815368"
"1271737",9,"GSA-rs2262924",565950,"T","ADD",79,-1.251,-1.933,0.05726,"GSA-rs10815368"
"1271745",9,"GSA-rs2804280",589511,"C","ADD",79,-1.363,-2.851,0.005718,"GSA-rs10815368"
"1271753",9,"GSA-rs7856340",616148,"A","ADD",79,0.7807,0.9936,0.3239,"GSA-rs10815368"
"1271761",9,"GSA-rs16921323",626096,"A","ADD",79,0.6895,0.8147,0.418,"GSA-rs10815368"
"1271769",9,"GSA-rs10815368",627953,"C","ADD",78,1.755,4.512,2.564e-05,"GSA-rs10815368"
"1271777",9,"GSA-rs11793842",632149,"A","ADD",77,-0.2755,-0.3975,0.6922,"GSA-rs10815368"
"1271785",9,"GSA-rs9407327",634846,"G","ADD",79,-0.5809,-1.176,0.2436,"GSA-rs10815368"
"1271793",9,"GSA-rs2031175",649750,"C","ADD",79,-0.3587,-0.6935,0.4903,"GSA-rs10815368"
"1271801",9,"GSA-rs9407334",651461,"T","ADD",79,-1.12,-2.305,0.02416,"GSA-rs10815368"
"1271809",9,"GSA-rs7021495",654101,"A","ADD",79,0.8991,1.977,0.05203,"GSA-rs10815368"
"1271817",9,"GSA-rs11795224",655391,"A","ADD",79,-0.4696,-0.8599,0.3928,"GSA-rs10815368"
"1271825",9,"GSA-rs56296348",657886,"G","ADD",79,1.281,2.563,0.01254,"GSA-rs10815368"
"1271833",9,"GSA-rs7850399",659045,"T","ADD",79,-0.9071,-1.259,0.2123,"GSA-rs10815368"
"1271841",9,"GSA-rs59521969",659656,"T","ADD",79,1.281,2.563,0.01254,"GSA-rs10815368"
"1271849",9,"GSA-rs9408655",659722,"T","ADD",79,-0.2652,-0.4758,0.6357,"GSA-rs10815368"
"1271857",9,"GSA-rs10975653",666389,"C","ADD",79,0.1519,0.3828,0.703,"GSA-rs10815368"
"1271865",9,"GSA-rs79471487",674403,"A","ADD",78,-0.8545,-2.309,0.02394,"GSA-rs10815368"
"1271873",9,"GSA-rs12685890",676704,"C","ADD",79,0.87,1.399,0.1663,"GSA-rs10815368"
"1271881",9,"GSA-rs2296055",676954,"C","ADD",79,-0.1573,-0.3256,0.7457,"GSA-rs10815368"
"1271889",9,"GSA-rs4742226",678088,"G","ADD",79,0.7316,1.813,0.07405,"GSA-rs10815368"
"1271897",9,"GSA-rs9299035",680540,"A","ADD",79,-0.2725,-0.7203,0.4737,"GSA-rs10815368"
"1271905",9,"GSA-rs9408674",681645,"A","ADD",79,-0.4975,-1.308,0.1953,"GSA-rs10815368"
"1271913",9,"GSA-rs73639400",683423,"C","ADD",78,-0.3862,-0.7242,0.4714,"GSA-rs10815368"
"1271921",9,"GSA-rs9408678",686170,"A","ADD",79,-0.2817,-0.4729,0.6377,"GSA-rs10815368"
"1271929",9,"GSA-rs74579699",689586,"C","ADD",79,-0.00836,-0.01635,0.987,"GSA-rs10815368"
"1271937",9,"GSA-rs17432514",693182,"C","ADD",79,1.275,2.81,0.006423,"GSA-rs10815368"
"1271945",9,"GSA-rs732119",695607,"G","ADD",79,-0.729,-1.6,0.1142,"GSA-rs10815368"
"1271953",9,"GSA-rs13296848",701529,"C","ADD",79,-0.8091,-2.283,0.02546,"GSA-rs10815368"
"1271961",9,"GSA-rs7860464",710966,"A","ADD",79,0.8909,0.7314,0.467,"GSA-rs10815368"
"1271969",9,"GSA-rs11789987",712599,"T","ADD",79,-0.3855,-0.9951,0.3231,"GSA-rs10815368"
"1271977",9,"GSA-rs118120405",713894,"T","ADD",78,0.1419,0.1766,0.8604,"GSA-rs10815368"
"1271985",9,"GSA-rs1323257",714971,"A","ADD",79,-0.3104,-0.7763,0.4402,"GSA-rs10815368"
"1271993",9,"GSA-rs4740866",716570,"G","ADD",79,0.9645,1.759,0.08288,"GSA-rs10815368"
"1272001",9,"GSA-rs7043585",720179,"T","ADD",79,-0.9219,-2.191,0.03179,"GSA-rs10815368"
"1272009",9,"GSA-rs13283481",722983,"A","ADD",79,-0.229,-0.57,0.5705,"GSA-rs10815368"
"1272017",9,"GSA-rs7022367",723483,"A","ADD",79,-0.1565,-0.3731,0.7102,"GSA-rs10815368"
"1272025",9,"GSA-rs10815530",724217,"C","ADD",79,-0.4855,-1.35,0.1813,"GSA-rs10815368"
"1272033",9,"GSA-rs12685329",725147,"A","ADD",79,0.8947,1.937,0.05673,"GSA-rs10815368"
"1272041",9,"GSA-rs10815562",732302,"C","ADD",79,0.1335,0.3452,0.731,"GSA-rs10815368"
"1272049",9,"GSA-rs2296052",738238,"G","ADD",79,-0.5144,-1.206,0.2317,"GSA-rs10815368"
"1272057",9,"GSA-rs10758863",742642,"G","ADD",79,-0.5543,-1.489,0.1409,"GSA-rs10815368"
"1272065",9,"GSA-rs10815596",743046,"C","ADD",79,-0.6078,-1.616,0.1105,"GSA-rs10815368"
"1272073",9,"GSA-rs10758866",750366,"A","ADD",79,-0.2044,-0.5462,0.5867,"GSA-rs10815368"
"1272081",9,"GSA-rs962816",751055,"G","ADD",79,0.2827,0.6306,0.5304,"GSA-rs10815368"
"1272089",9,"GSA-rs4742344",757522,"T","ADD",79,-0.3407,-0.9136,0.3641,"GSA-rs10815368"
"1272097",9,"GSA-rs12351184",758222,"G","ADD",79,-0.2861,-0.7296,0.4681,"GSA-rs10815368"
"1272105",9,"GSA-rs7047566",758246,"T","ADD",79,-0.394,-0.9737,0.3336,"GSA-rs10815368"
"1272113",9,"GSA-rs6477206",761813,"C","ADD",79,-0.26,-0.7269,0.4697,"GSA-rs10815368"
"1272121",9,"GSA-rs11534212",770667,"T","ADD",79,-0.07178,-0.1885,0.851,"GSA-rs10815368"
"1272129",9,"GSA-rs2370197",776349,"G","ADD",79,0.06165,0.1672,0.8677,"GSA-rs10815368"
"1272137",9,"GSA-rs10976526",781115,"A","ADD",79,-0.2662,-0.6998,0.4863,"GSA-rs10815368"
"1272145",9,"GSA-rs10758905",791133,"A","ADD",79,0.6791,1.848,0.06883,"GSA-rs10815368"
"1272153",9,"GSA-rs10481615",791858,"T","ADD",79,0.7892,1.938,0.05667,"GSA-rs10815368"
"1272161",9,"GSA-rs71509977",793725,"G","ADD",79,-0.02103,-0.02663,0.9788,"GSA-rs10815368"
"1272169",9,"GSA-rs7864435",793828,"A","ADD",79,-0.6199,-1.634,0.1068,"GSA-rs10815368"
"1331433",9,"GSA-rs9410457",91334787,"A","ADD",78,0.4194,0.9943,0.3236,"GSA-rs10780221"
"1331441",9,"GSA-rs7042278",91337035,"T","ADD",79,0.06055,0.15,0.8812,"GSA-rs10780221"
"1331449",9,"GSA-rs4295735",91344487,"C","ADD",79,-0.4201,-1.154,0.2523,"GSA-rs10780221"
"1331457",9,"GSA-rs4877066",91348970,"T","ADD",79,-0.5354,-1.241,0.2188,"GSA-rs10780221"
"1331465",9,"GSA-rs28578245",91355864,"T","ADD",79,0.8995,1.501,0.1378,"GSA-rs10780221"
"1331473",9,"GSA-rs28624420",91360612,"C","ADD",79,-0.1041,-0.2821,0.7787,"GSA-rs10780221"
"1331481",9,"GSA-rs7869563",91362843,"T","ADD",79,-0.6039,-1.528,0.1309,"GSA-rs10780221"
"1331489",9,"GSA-rs1857496",91368043,"G","ADD",79,-0.05597,-0.1502,0.8811,"GSA-rs10780221"
"1331497",9,"GSA-rs4877092",91369668,"T","ADD",79,0.358,0.9686,0.3361,"GSA-rs10780221"
"1331505",9,"GSA-rs17054442",91373950,"A","ADD",79,1.222,1.631,0.1074,"GSA-rs10780221"
"1331513",9,"GSA-rs7867153",91377672,"G","ADD",79,-0.3502,-0.9279,0.3567,"GSA-rs10780221"
"1331521",9,"GSA-rs7048152",91386221,"C","ADD",78,-0.8312,-1.436,0.1556,"GSA-rs10780221"
"1331529",9,"GSA-rs7851181",91392349,"G","ADD",79,-0.2383,-0.4632,0.6446,"GSA-rs10780221"
"1331537",9,"GSA-rs9410340",91399821,"C","ADD",79,-0.06072,-0.1342,0.8937,"GSA-rs10780221"
"1331545",9,"GSA-rs9410344",91401893,"T","ADD",79,0.3644,0.5254,0.601,"GSA-rs10780221"
"1331553",9,"GSA-rs67171032",91406833,"T","ADD",78,-0.3705,-0.4916,0.6245,"GSA-rs10780221"
"1331561",9,"GSA-rs28463922",91411871,"T","ADD",79,-0.126,-0.1641,0.8701,"GSA-rs10780221"
"1331569",9,"GSA-rs1288652",91416645,"G","ADD",79,-0.6389,-1.532,0.1299,"GSA-rs10780221"
"1331577",9,"GSA-rs4877016",91430295,"T","ADD",79,0.1284,0.1446,0.8855,"GSA-rs10780221"
"1331585",9,"GSA-rs2799695",91434530,"C","ADD",79,-0.1519,-0.353,0.7252,"GSA-rs10780221"
"1331593",9,"GSA-rs7858699",91450235,"A","ADD",78,0.5583,1.289,0.2018,"GSA-rs10780221"
"1331601",9,"GSA-rs55779413",91457779,"C","ADD",79,-0.03982,-0.09555,0.9241,"GSA-rs10780221"
"1331609",9,"GSA-rs7863591",91485589,"A","ADD",79,-0.1309,-0.3235,0.7473,"GSA-rs10780221"
"1331617",9,"GSA-rs987824",91488725,"T","ADD",79,-0.009964,-0.02197,0.9825,"GSA-rs10780221"
"1331625",9,"GSA-rs905363",91494640,"A","ADD",79,-0.1429,-0.2941,0.7696,"GSA-rs10780221"
"1331633",9,"GSA-rs1393570",91502970,"G","ADD",79,-0.1932,-0.4334,0.6661,"GSA-rs10780221"
"1331641",9,"GSA-rs10867131",91511000,"T","ADD",79,-0.3207,-0.739,0.4624,"GSA-rs10780221"
"1331649",9,"GSA-rs200691731",91516555,"G","ADD",79,-0.3207,-0.739,0.4624,"GSA-rs10780221"
"1331657",9,"GSA-rs2873278",91521091,"T","ADD",78,0.1269,0.2764,0.7831,"GSA-rs10780221"
"1331665",9,"GSA-rs4877025",91521488,"G","ADD",78,0.6098,1.541,0.128,"GSA-rs10780221"
"1331673",9,"GSA-rs6559311",91535231,"A","ADD",79,-0.04356,-0.1128,0.9105,"GSA-rs10780221"
"1331681",9,"GSA-rs1910268",91537802,"G","ADD",79,-0.3762,-0.9804,0.3302,"GSA-rs10780221"
"1331689",9,"GSA-rs13296786",91544259,"C","ADD",79,-0.4746,-0.6145,0.5409,"GSA-rs10780221"
"1331697",9,"GSA-rs1502698",91546856,"A","ADD",79,-0.03308,-0.084,0.9333,"GSA-rs10780221"
"1331705",9,"GSA-rs9410425",91562311,"A","ADD",79,-0.06686,-0.1794,0.8581,"GSA-rs10780221"
"1331713",9,"GSA-rs9410429",91563034,"T","ADD",79,0.2901,0.6452,0.5209,"GSA-rs10780221"
"1331721",9,"GSA-rs11137468",91570795,"T","ADD",79,-0.4752,-0.4968,0.6209,"GSA-rs10780221"
"1331729",9,"GSA-rs4294262",91575778,"C","ADD",79,-1.523,-2.686,0.00903,"GSA-rs10780221"
"1331737",9,"GSA-rs7048253",91580313,"A","ADD",79,-0.3045,-0.8025,0.425,"GSA-rs10780221"
"1331745",9,"GSA-rs72748912",91580328,"A","ADD",77,-1.483,-2.636,0.01037,"GSA-rs10780221"
"1331753",9,"GSA-rs4570242",91587228,"G","ADD",79,-0.02397,-0.06298,0.95,"GSA-rs10780221"
"1331761",9,"GSA-rs62551476",91593290,"C","ADD",79,-0.8017,-1.095,0.2773,"GSA-rs10780221"
"1331769",9,"GSA-rs73496016",91600189,"A","ADD",79,-0.5259,-0.6493,0.5183,"GSA-rs10780221"
"1331777",9,"GSA-rs11791652",91602796,"T","ADD",79,0.4108,1.009,0.3164,"GSA-rs10780221"
"1331785",9,"GSA-rs6559331",91607869,"T","ADD",79,0.1346,0.3653,0.716,"GSA-rs10780221"
"1331793",9,"GSA-rs7870888",91612883,"A","ADD",79,-0.7444,-1.294,0.1999,"GSA-rs10780221"
"1331801",9,"GSA-rs73496049",91614379,"C","ADD",78,-0.2495,-0.3087,0.7585,"GSA-rs10780221"
"1331809",9,"GSA-rs7865979",91621197,"G","ADD",79,-1.378,-4.203,7.64e-05,"GSA-rs10780221"
"1331817",9,"GSA-rs12519",91628082,"C","ADD",79,1.292,3.698,0.0004291,"GSA-rs10780221"
"1331825",9,"GSA-rs1331180",91630548,"T","ADD",79,0.928,2.467,0.01609,"GSA-rs10780221"
"1331833",9,"GSA-rs10780221",91637304,"G","ADD",79,1.518,4.478,2.86e-05,"GSA-rs10780221"
"1331841",9,"GSA-rs10435931",91649261,"G","ADD",77,0.1235,0.3203,0.7497,"GSA-rs10780221"
"1331849",9,"GSA-rs3750399",91656963,"T","ADD",79,-0.2179,-0.5304,0.5975,"GSA-rs10780221"
"1331857",9,"GSA-rs6559335",91662534,"G","ADD",79,-0.06861,-0.1942,0.8466,"GSA-rs10780221"
"1331865",9,"GSA-rs7855350",91666487,"G","ADD",79,-0.251,-0.4682,0.6411,"GSA-rs10780221"
"1331873",9,"GSA-rs2297313",91669362,"G","ADD",79,0.1119,0.3176,0.7517,"GSA-rs10780221"
"1331881",9,"GSA-rs9410455",91680600,"A","ADD",79,0.1857,0.5397,0.5911,"GSA-rs10780221"
"1331889",9,"GSA-rs7037454",91710338,"A","ADD",79,0.2722,0.7256,0.4705,"GSA-rs10780221"
"1331897",9,"GSA-rs7864748",91713387,"C","ADD",77,0.3251,0.8541,0.396,"GSA-rs10780221"
"1331905",9,"GSA-rs1331187",91725597,"G","ADD",79,-0.3371,-0.5453,0.5872,"GSA-rs10780221"
"1331913",9,"GSA-rs17054763",91766733,"G","ADD",79,-0.8394,-1.436,0.1554,"GSA-rs10780221"
"1331921",9,"GSA-rs4534195",91768648,"C","ADD",79,0.3926,1.118,0.2672,"GSA-rs10780221"
"1331929",9,"GSA-rs2025943",91768875,"T","ADD",79,0.6893,1.033,0.3053,"GSA-rs10780221"
"1331937",9,"GSA-rs2039307",91769759,"A","ADD",77,0.4252,0.7355,0.4646,"GSA-rs10780221"
"1331945",9,"GSA-rs28545074",91815884,"C","ADD",79,-1.184,-2.486,0.0153,"GSA-rs10780221"
"1331953",9,"GSA-rs7852045",91833343,"A","ADD",79,-0.8726,-1.653,0.1028,"GSA-rs10780221"
"1331961",9,"GSA-rs7032988",91837410,"C","ADD",78,0.1898,0.3609,0.7193,"GSA-rs10780221"
"1331969",9,"GSA-rs11137545",91841972,"G","ADD",79,0.3809,0.6417,0.5232,"GSA-rs10780221"
"1331977",9,"GSA-rs1980889",91899245,"C","ADD",79,-1.184,-2.486,0.0153,"GSA-rs10780221"
"1331985",9,"GSA-rs3211663",91926088,"T","ADD",79,1.852,2.277,0.02586,"GSA-rs10780221"
"1331993",9,"GSA-rs3211703",91932309,"C","ADD",79,-0.9063,-2.172,0.03324,"GSA-rs10780221"
"1332001",9,"GSA-rs3763616",91934787,"A","ADD",79,0.5095,1.205,0.2324,"GSA-rs10780221"
"1332009",9,"GSA-rs7851988",91953252,"C","ADD",79,-0.413,-1.105,0.2727,"GSA-rs10780221"
"1332017",9,"GSA-rs11507705",91983963,"T","ADD",79,0.1785,0.2603,0.7954,"GSA-rs10780221"
"1332025",9,"GSA-rs4877076",91989355,"A","ADD",79,-1.005,-1.668,0.09986,"GSA-rs10780221"
"1332033",9,"GSA-rs13298660",92002775,"G","ADD",78,-0.1902,-0.5379,0.5924,"GSA-rs10780221"
"1332041",9,"rs11526468",92003679,"T","ADD",79,0.4212,0.9198,0.3608,"GSA-rs10780221"
"1332049",9,"GSA-rs6559349",92007225,"T","ADD",79,-0.2017,-0.4634,0.6445,"GSA-rs10780221"
"1332057",9,"GSA-rs6559350",92010796,"T","ADD",78,-0.2812,-0.6936,0.4903,"GSA-rs10780221"
"1332065",9,"GSA-rs4132699",92036427,"C","ADD",79,-0.156,-0.3908,0.6972,"GSA-rs10780221"
"1332073",9,"GSA-rs11265876",92039416,"G","ADD",79,0.1066,0.2364,0.8138,"GSA-rs10780221"
"1332081",9,"GSA-rs10797121",92040273,"C","ADD",79,-0.1114,-0.2701,0.7879,"GSA-rs10780221"
"1332089",9,"GSA-rs9330435",92062038,"A","ADD",79,-0.4221,-0.9638,0.3385,"GSA-rs10780221"
"1332097",9,"GSA-rs11265908",92077132,"C","ADD",79,0.9285,2.378,0.02014,"GSA-rs10780221"
"1332105",9,"GSA-rs17054916",92081623,"A","ADD",79,-1.028,-1.893,0.06255,"GSA-rs10780221"
"1332113",9,"GSA-rs17054917",92082049,"T","ADD",79,0.7005,1.023,0.3099,"GSA-rs10780221"
"1332121",9,"GSA-rs4405007",92100804,"T","ADD",79,-0.2717,-0.6211,0.5366,"GSA-rs10780221"
"1332129",9,"GSA-rs7852744",92109479,"T","ADD",79,-1.338,-2.297,0.02463,"GSA-rs10780221"
"1332137",9,"GSA-rs13298567",92111105,"A","ADD",79,0.215,0.3816,0.7039,"GSA-rs10780221"
"1332145",9,"GSA-rs2988071",92125867,"A","ADD",79,0.3073,0.6916,0.4915,"GSA-rs10780221"
"1332153",9,"GSA-rs75058492",92131122,"A","ADD",79,0.7294,1.001,0.3201,"GSA-rs10780221"
"1332161",9,"GSA-rs71512206",92143660,"A","ADD",79,-0.2205,-0.412,0.6816,"GSA-rs10780221"
"1332169",9,"GSA-rs2480497",92144704,"C","ADD",79,-0.05887,-0.1516,0.8799,"GSA-rs10780221"
"1332177",9,"GSA-rs62558384",92154592,"T","ADD",79,-0.2328,-0.4212,0.6749,"GSA-rs10780221"
"1332185",9,"GSA-rs1983976",92154969,"T","ADD",79,-0.3081,-0.7522,0.4545,"GSA-rs10780221"
"1332193",9,"GSA-rs12000581",92156146,"G","ADD",79,-0.3211,-0.6202,0.5371,"GSA-rs10780221"
"1332201",9,"GSA-rs73653423",92167690,"G","ADD",78,0.8208,1.334,0.1867,"GSA-rs10780221"
"1332209",9,"GSA-rs10797116",92191467,"T","ADD",79,-0.1131,-0.2934,0.7701,"GSA-rs10780221"
"1332217",9,"GSA-rs71489486",92201713,"G","ADD",79,-0.5582,-0.6589,0.5122,"GSA-rs10780221"
"1332225",9,"GSA-rs7871395",92209587,"T","ADD",79,0.1366,0.303,0.7628,"GSA-rs10780221"
"1332233",9,"GSA-rs1571536",92215638,"C","ADD",79,-0.07661,-0.2022,0.8404,"GSA-rs10780221"
"1505769",11,"GSA-rs4494290",6030442,"C","ADD",79,0.4293,1.096,0.2768,"GSA-rs4758411"
"1505777",11,"GSA-rs4317963",6032001,"T","ADD",79,0.3447,0.8804,0.3816,"GSA-rs4758411"
"1505785",11,"GSA-rs7119264",6034819,"A","ADD",79,0.4293,1.096,0.2768,"GSA-rs4758411"
"1505793",11,"GSA-rs4758362",6037108,"C","ADD",79,0.4293,1.096,0.2768,"GSA-rs4758411"
"1505801",11,"rs4351799",6041247,"A","ADD",79,-0.5536,-1.164,0.2483,"GSA-rs4758411"
"1505809",11,"rs4600187",6043443,"C","ADD",79,0.002062,0.005037,0.996,"GSA-rs4758411"
"1505817",11,"rs4758368",6044201,"C","ADD",79,-0.2394,-0.6497,0.518,"GSA-rs4758411"
"1505825",11,"GSA-rs4758369",6045931,"G","ADD",79,-0.177,-0.481,0.632,"GSA-rs4758411"
"1505833",11,"GSA-rs11040362",6057003,"G","ADD",79,0.3762,0.9652,0.3378,"GSA-rs4758411"
"1505841",11,"GSA-rs7935710",6060247,"C","ADD",79,-0.2069,-0.3245,0.7466,"GSA-rs4758411"
"1505849",11,"rs4616004",6060792,"A","ADD",79,-0.183,-0.2789,0.7811,"GSA-rs4758411"
"1505857",11,"rs5015541",6070462,"T","ADD",79,-0.2166,-0.595,0.5538,"GSA-rs4758411"
"1505865",11,"rs4625434",6072356,"C","ADD",79,-0.1939,-0.4885,0.6267,"GSA-rs4758411"
"1505873",11,"rs56048364",6083947,"A","ADD",79,-0.1608,-0.3236,0.7472,"GSA-rs4758411"
"1505881",11,"rs7930953",6088712,"G","ADD",79,-0.09073,-0.224,0.8234,"GSA-rs4758411"
"1505889",11,"rs4353251",6090372,"T","ADD",79,0.3453,0.9034,0.3694,"GSA-rs4758411"
"1505897",11,"rs11040649",6106286,"T","ADD",79,0.1326,0.3563,0.7227,"GSA-rs4758411"
"1505905",11,"rs1462983",6129837,"C","ADD",79,0.007992,0.02073,0.9835,"GSA-rs4758411"
"1505913",11,"rs325664",6164700,"C","ADD",79,0.8959,1.488,0.1412,"GSA-rs4758411"
"1505921",11,"rs11826453",6173346,"T","ADD",79,-0.2488,-0.6646,0.5085,"GSA-rs4758411"
"1505929",11,"rs1828296",6175618,"A","ADD",77,1.05,1.686,0.09635,"GSA-rs4758411"
"1505937",11,"GSA-rs325687",6179462,"C","ADD",79,0.09708,0.2403,0.8108,"GSA-rs4758411"
"1505945",11,"rs325628",6189084,"A","ADD",77,0.2395,0.6525,0.5163,"GSA-rs4758411"
"1505953",11,"rs11601498",6198688,"C","ADD",79,0.1881,0.4299,0.6686,"GSA-rs4758411"
"1505961",11,"rs325614",6217152,"G","ADD",79,-0.7474,-0.8345,0.4068,"GSA-rs4758411"
"1505969",11,"rs325609",6221249,"G","ADD",79,-0.3811,-0.4563,0.6496,"GSA-rs4758411"
"1505977",11,"rs10769671",6231731,"C","ADD",79,0.11,0.2739,0.785,"GSA-rs4758411"
"1505985",11,"seq-rs11040809",6239139,"G","ADD",79,-0.1338,-0.2511,0.8025,"GSA-rs4758411"
"1505993",11,"rs3750944",6239344,"A","ADD",79,0.266,0.6763,0.5011,"GSA-rs4758411"
"1506001",11,"rs1876826",6251122,"A","ADD",79,-0.1696,-0.4332,0.6662,"GSA-rs4758411"
"1506009",11,"rs34580285",6282970,"G","ADD",79,-0.2839,-0.6993,0.4867,"GSA-rs4758411"
"1506017",11,"rs11040827",6287443,"A","ADD",79,-0.2496,-0.5105,0.6113,"GSA-rs4758411"
"1506025",11,"rs1800843",6292065,"A","ADD",79,-0.4021,-0.8245,0.4124,"GSA-rs4758411"
"1506033",11,"rs6578750",6294394,"G","ADD",79,0.1321,0.2704,0.7877,"GSA-rs4758411"
"1506041",11,"rs10839538",6298803,"A","ADD",78,-0.1377,-0.3839,0.7022,"GSA-rs4758411"
"1506049",11,"rs7951875",6301177,"A","ADD",79,0.3149,0.5863,0.5595,"GSA-rs4758411"
"1506057",11,"GSA-rs10769682",6311877,"A","ADD",79,-0.2136,-0.492,0.6242,"GSA-rs4758411"
"1506065",11,"rs10742969",6312769,"A","ADD",79,-0.4865,-1.316,0.1924,"GSA-rs4758411"
"1506073",11,"GSA-rs10769684",6313741,"G","ADD",79,0.2005,0.4931,0.6235,"GSA-rs4758411"
"1506081",11,"rs12286914",6315606,"A","ADD",79,0.6392,0.7388,0.4625,"GSA-rs4758411"
"1506089",11,"rs7124042",6318463,"C","ADD",79,-0.3227,-0.3968,0.6927,"GSA-rs4758411"
"1506097",11,"rs11824974",6319655,"A","ADD",78,1.379,1.901,0.06153,"GSA-rs4758411"
"1506105",11,"exm2264442",6322284,"C","ADD",79,0.6989,1.975,0.05227,"GSA-rs4758411"
"1506113",11,"rs11826757",6325195,"G","ADD",79,0.06835,0.1555,0.8768,"GSA-rs4758411"
"1506121",11,"rs4237775",6338507,"T","ADD",79,0.0899,0.2188,0.8274,"GSA-rs4758411"
"1506129",11,"rs4988745",6339934,"A","ADD",79,-0.4308,-0.8365,0.4057,"GSA-rs4758411"
"1506137",11,"rs2947030",6343864,"T","ADD",79,0.2145,0.4946,0.6224,"GSA-rs4758411"
"1506145",11,"rs4758408",6348639,"T","ADD",79,0.6429,1.022,0.3103,"GSA-rs4758411"
"1506153",11,"rs10839553",6350791,"C","ADD",79,-0.6966,-1.066,0.2901,"GSA-rs4758411"
"1506161",11,"rs2682111",6365157,"G","ADD",79,1.163,3.114,0.002677,"GSA-rs4758411"
"1506169",11,"GSA-rs4758411",6365704,"T","ADD",79,-1.574,-4.551,2.193e-05,"GSA-rs4758411"
"1506177",11,"rs7128818",6370376,"T","ADD",79,0.9768,2.304,0.02419,"GSA-rs4758411"
"1506185",11,"rs79794723",6375441,"C","ADD",79,0.2052,0.3169,0.7522,"GSA-rs4758411"
"1506193",11,"rs2634195",6392877,"A","ADD",79,0.2899,0.72,0.474,"GSA-rs4758411"
"1506201",11,"GSA-rs117678523",6404349,"A","ADD",79,-0.1226,-0.1769,0.8601,"GSA-rs4758411"
"1506209",11,"rs2723646",6405441,"G","ADD",79,0.3325,0.7594,0.4502,"GSA-rs4758411"
"1506217",11,"rs2723659",6409818,"T","ADD",79,0.522,1.331,0.1874,"GSA-rs4758411"
"1506225",11,"rs1050239",6415463,"A","ADD",79,0.8085,1.544,0.1272,"GSA-rs4758411"
"1506233",11,"rs1079199",6428106,"C","ADD",79,0.2981,0.779,0.4386,"GSA-rs4758411"
"1506241",11,"rs4758104",6434069,"T","ADD",79,0.0277,0.07083,0.9437,"GSA-rs4758411"
"1506249",11,"rs1552513",6436028,"T","ADD",79,0.4571,1.137,0.2593,"GSA-rs4758411"
"1506257",11,"rs2723664",6441051,"G","ADD",79,-0.07807,-0.1955,0.8456,"GSA-rs4758411"
"1506265",11,"rs12806581",6465896,"G","ADD",79,0.2406,0.4826,0.6309,"GSA-rs4758411"
"1506273",11,"rs9787849",6468149,"G","ADD",79,0.2377,0.5462,0.5867,"GSA-rs4758411"
"1506281",11,"rs1906656",6468326,"T","ADD",79,0.006065,0.01454,0.9884,"GSA-rs4758411"
"1506289",11,"GSA-rs16913748",6478619,"A","ADD",79,0.01622,0.0313,0.9751,"GSA-rs4758411"
"1506297",11,"GSA-rs11605777",6494786,"T","ADD",79,0.167,0.4615,0.6459,"GSA-rs4758411"
"1506305",11,"rs11605196",6524072,"C","ADD",79,-0.5519,-1.089,0.2798,"GSA-rs4758411"
"1506313",11,"GSA-rs4758422",6531995,"T","ADD",79,-0.006633,-0.01627,0.9871,"GSA-rs4758411"
"1506321",11,"rs2555143",6541580,"A","ADD",79,0.01515,0.03817,0.9697,"GSA-rs4758411"
"1506329",11,"rs2880963",6549411,"C","ADD",79,-0.1306,-0.274,0.7849,"GSA-rs4758411"
"1506337",11,"rs7480644",6549995,"A","ADD",79,0.2059,0.4967,0.621,"GSA-rs4758411"
"1506345",11,"rs7103810",6555365,"A","ADD",79,-0.2137,-0.4064,0.6857,"GSA-rs4758411"
"1506353",11,"rs2344929",6556895,"C","ADD",79,-0.1172,-0.2885,0.7738,"GSA-rs4758411"
"1506361",11,"GSA-rs11040914",6560141,"A","ADD",79,-0.2123,-0.3824,0.7033,"GSA-rs4758411"
"1506369",11,"rs11040915",6563826,"T","ADD",79,0.1476,0.3662,0.7153,"GSA-rs4758411"
"1506377",11,"GSA-rs11606889",6569896,"A","ADD",79,-0.177,-0.3529,0.7252,"GSA-rs4758411"
"1506385",11,"rs10769699",6588228,"A","ADD",79,0.1943,0.4514,0.6531,"GSA-rs4758411"
"1506393",11,"rs11040930",6618548,"A","ADD",79,-0.1308,-0.3184,0.7511,"GSA-rs4758411"
"1506401",11,"rs2072651",6637504,"T","ADD",79,-0.157,-0.3266,0.7449,"GSA-rs4758411"
"1506409",11,"rs2659871",6652618,"A","ADD",79,-0.06655,-0.1697,0.8658,"GSA-rs4758411"
"1506417",11,"rs2880995",6664263,"T","ADD",79,0.1556,0.2585,0.7968,"GSA-rs4758411"
"1506425",11,"rs2555172",6666054,"G","ADD",79,-0.1801,-0.4702,0.6397,"GSA-rs4758411"
"1506433",11,"GSA-rs118134547",6666689,"C","ADD",79,0.7817,0.9871,0.327,"GSA-rs4758411"
"1506441",11,"rs937851",6667353,"T","ADD",79,-0.2437,-0.6074,0.5456,"GSA-rs4758411"
"1506449",11,"rs71472604",6668751,"C","ADD",79,1.88,2.393,0.01942,"GSA-rs4758411"
"1506457",11,"rs12291044",6669646,"A","ADD",79,2.301,2.26,0.02693,"GSA-rs4758411"
"1506465",11,"rs10742977",6673013,"G","ADD",79,-0.3992,-1.085,0.2816,"GSA-rs4758411"
"1506473",11,"rs12294943",6679132,"C","ADD",79,0.7642,1.394,0.1679,"GSA-rs4758411"
"1506481",11,"rs10500664",6685558,"C","ADD",79,0.3048,0.5002,0.6185,"GSA-rs4758411"
"1506489",11,"rs2345351",6694514,"T","ADD",79,0.3448,0.5587,0.5781,"GSA-rs4758411"
"1506497",11,"rs12573864",6707887,"A","ADD",79,0.04898,0.1082,0.9142,"GSA-rs4758411"
"1506505",11,"rs4408289",6710947,"A","ADD",79,0.05644,0.1452,0.885,"GSA-rs4758411"
"1506513",11,"rs61875893",6716668,"C","ADD",79,0.08227,0.2055,0.8377,"GSA-rs4758411"
"1506521",11,"rs1466974",6719027,"A","ADD",79,-0.1171,-0.2954,0.7686,"GSA-rs4758411"
"1506529",11,"GSA-rs10769708",6719118,"G","ADD",79,0.03,0.08123,0.9355,"GSA-rs4758411"
"1506537",11,"rs11040983",6738291,"T","ADD",79,-0.09263,-0.2207,0.8259,"GSA-rs4758411"
"1506545",11,"rs17262467",6738411,"G","ADD",79,-0.3339,-0.6258,0.5335,"GSA-rs4758411"
"1506553",11,"rs10839602",6740206,"T","ADD",79,-0.09263,-0.2207,0.8259,"GSA-rs4758411"
"1506561",11,"rs12223353",6740308,"T","ADD",79,0.1868,0.485,0.6292,"GSA-rs4758411"
"1506569",11,"rs7942521",6744362,"G","ADD",79,0.4903,1.299,0.1982,"GSA-rs4758411"
"1767577",13,"rs9805830",55083737,"G","ADD",78,-0.0009903,-0.002468,0.998,"rs1436708"
"1767585",13,"rs9536741",55083957,"G","ADD",78,0.04426,0.1136,0.9099,"rs1436708"
"1767593",13,"rs1116041",55090025,"T","ADD",77,-0.1819,-0.3723,0.7108,"rs1436708"
"1767601",13,"GSA-rs12868026",55103187,"A","ADD",79,0.6138,0.6715,0.5041,"rs1436708"
"1767609",13,"rs2409103",55110219,"A","ADD",79,-0.09316,-0.2733,0.7854,"rs1436708"
"1767617",13,"rs73185286",55113283,"G","ADD",79,0.4817,0.8608,0.3923,"rs1436708"
"1767625",13,"exm2272015",55147817,"T","ADD",78,-0.02975,-0.03462,0.9725,"rs1436708"
"1767633",13,"rs17089667",55147853,"C","ADD",79,0.2644,0.478,0.6342,"rs1436708"
"1767641",13,"rs1336229",55158519,"C","ADD",78,-0.21,-0.3946,0.6944,"rs1436708"
"1767649",13,"rs2153713",55162405,"A","ADD",79,0.5576,1.255,0.2137,"rs1436708"
"1767657",13,"GSA-rs2898093",55163243,"C","ADD",78,0.5872,1.303,0.1968,"rs1436708"
"1767665",13,"GSA-rs7318092",55188280,"T","ADD",79,0.5576,1.255,0.2137,"rs1436708"
"1767673",13,"GSA-rs1478660",55205702,"T","ADD",79,0.1697,0.3573,0.7219,"rs1436708"
"1767681",13,"GSA-rs35717281",55208481,"G","ADD",79,-0.7128,-0.914,0.3639,"rs1436708"
"1767689",13,"rs7993123",55219688,"A","ADD",77,-0.4879,-0.9131,0.3644,"rs1436708"
"1767697",13,"rs9536792",55221998,"T","ADD",79,0.1869,0.3875,0.6996,"rs1436708"
"1767705",13,"GSA-rs7328327",55223285,"C","ADD",79,0.1515,0.3301,0.7423,"rs1436708"
"1767713",13,"GSA-rs80024735",55225003,"T","ADD",79,0.1515,0.3301,0.7423,"rs1436708"
"1767721",13,"GSA-rs993726",55243102,"G","ADD",79,0.1513,0.3225,0.748,"rs1436708"
"1767729",13,"rs9597029",55252775,"G","ADD",79,0.6168,1.062,0.2919,"rs1436708"
"1767737",13,"rs3000710",55270393,"T","ADD",79,0.2711,0.6028,0.5486,"rs1436708"
"1767745",13,"rs9536848",55300747,"T","ADD",77,-0.3176,-0.5804,0.5636,"rs1436708"
"1767753",13,"rs9527263",55301673,"C","ADD",79,0.7907,1.567,0.1217,"rs1436708"
"1767761",13,"GSA-rs71439535",55320779,"A","ADD",78,-0.09068,-0.08535,0.9322,"rs1436708"
"1767769",13,"rs1478671",55326244,"C","ADD",79,-0.3559,-0.866,0.3894,"rs1436708"
"1767777",13,"rs2185693",55380182,"T","ADD",79,-0.4546,-1.124,0.2648,"rs1436708"
"1767785",13,"rs1539237",55389385,"T","ADD",79,-0.2905,-0.6515,0.5168,"rs1436708"
"1767793",13,"rs2050972",55410641,"T","ADD",79,-0.3092,-0.4745,0.6366,"rs1436708"
"1767801",13,"rs7321913",55414164,"G","ADD",78,-0.5913,-1.43,0.1571,"rs1436708"
"1767809",13,"rs1381574",55426854,"T","ADD",79,1.051,2.034,0.04577,"rs1436708"
"1767817",13,"GSA-rs76124062",55435878,"G","ADD",79,-0.4917,-0.5412,0.5901,"rs1436708"
"1767825",13,"GSA-rs77573456",55471245,"T","ADD",78,-0.7398,-1.013,0.3144,"rs1436708"
"1767833",13,"rs7334694",55546160,"C","ADD",79,0.6854,1.513,0.1347,"rs1436708"
"1767841",13,"rs263836",55557872,"A","ADD",77,-0.6282,-1.044,0.3003,"rs1436708"
"1767849",13,"rs9597069",55563090,"A","ADD",79,0.9902,2.482,0.01545,"rs1436708"
"1767857",13,"rs263811",55563725,"T","ADD",79,-0.06374,-0.1091,0.9134,"rs1436708"
"1767865",13,"GSA-rs1925053",55574688,"T","ADD",78,-0.871,-2.382,0.01998,"rs1436708"
"1767873",13,"rs2147639",55581949,"C","ADD",79,-0.8412,-2.08,0.04118,"rs1436708"
"1767881",13,"rs9569176",55597641,"T","ADD",77,-0.6078,-0.9673,0.3368,"rs1436708"
"1767889",13,"rs1028774",55602303,"C","ADD",79,-0.4454,-1.187,0.2394,"rs1436708"
"1767897",13,"rs2182042",55602402,"C","ADD",79,-0.5976,-0.9429,0.349,"rs1436708"
"1767905",13,"rs9591632",55611511,"T","ADD",79,-1.224,-1.482,0.1427,"rs1436708"
"1767913",13,"rs2316640",55644924,"C","ADD",79,0.8357,1.841,0.06983,"rs1436708"
"1767921",13,"rs2898213",55645116,"G","ADD",79,-0.6655,-1.911,0.06006,"rs1436708"
"1767929",13,"rs11838414",55668296,"C","ADD",79,0.6167,1.06,0.2928,"rs1436708"
"1767937",13,"rs3125761",55688006,"C","ADD",79,1.263,3.098,0.002806,"rs1436708"
"1767945",13,"rs1475290",55701921,"G","ADD",79,-0.6229,-1.574,0.12,"rs1436708"
"1767953",13,"rs9569221",55747262,"C","ADD",77,0.8062,1.164,0.2484,"rs1436708"
"1767961",13,"rs9527336",55783042,"G","ADD",79,-0.5684,-1.248,0.2161,"rs1436708"
"1767969",13,"GSA-rs9569233",55786955,"A","ADD",79,0.5006,1.302,0.197,"rs1436708"
"1767977",13,"rs1436708",55818627,"G","ADD",79,1.57,4.461,3.041e-05,"rs1436708"
"1767985",13,"rs78876831",55828676,"T","ADD",76,-2.061,-2.609,0.01119,"rs1436708"
"1767993",13,"rs3124386",55834318,"A","ADD",79,0.4458,0.7589,0.4505,"rs1436708"
"1768001",13,"GSA-rs9537060",55868278,"C","ADD",79,-1.577,-2.389,0.01959,"rs1436708"
"1768009",13,"rs9563322",55935371,"C","ADD",79,0.7679,0.9961,0.3227,"rs1436708"
"1768017",13,"chr13:55937194",55937194,"C","ADD",79,-0.3304,-0.685,0.4956,"rs1436708"
"1768025",13,"rs3105047",55937194,"C","ADD",79,-0.3304,-0.685,0.4956,"rs1436708"
"1768033",13,"rs9537100",55968185,"A","ADD",75,-1.881,-1.76,0.08309,"rs1436708"
"1768041",13,"GSA-rs9563327",55971068,"G","ADD",79,1.092,2.318,0.02338,"rs1436708"
"1768049",13,"GSA-rs9591662",56086127,"C","ADD",78,-0.09561,-0.2008,0.8415,"rs1436708"
"1768057",13,"GSA-rs117922004",56135501,"G","ADD",79,-0.2353,-0.2982,0.7664,"rs1436708"
"1768065",13,"GSA-rs983910",56146159,"A","ADD",79,-1.167,-1.404,0.1647,"rs1436708"
"1768073",13,"GSA-rs9972030",56151853,"T","ADD",79,-1.017,-1.198,0.2348,"rs1436708"
"1768081",13,"rs34530982",56152279,"A","ADD",79,0.3026,0.5231,0.6026,"rs1436708"
"1768089",13,"GSA-rs117515166",56158694,"C","ADD",79,1.608,1.7,0.09355,"rs1436708"
"1768097",13,"rs651412",56217148,"C","ADD",76,0.2266,0.3787,0.7061,"rs1436708"
"1768105",13,"GSA-rs9527430",56223275,"C","ADD",79,-0.4583,-0.6601,0.5113,"rs1436708"
"1768113",13,"GSA-rs7989137",56225702,"T","ADD",78,-1.355,-1.909,0.06047,"rs1436708"
"1768121",13,"rs662309",56253882,"C","ADD",79,-0.03016,-0.03503,0.9722,"rs1436708"
"1768129",13,"rs1360646",56269398,"A","ADD",79,-0.6052,-1.388,0.1697,"rs1436708"
"1768137",13,"rs17592413",56273655,"A","ADD",78,0.2918,0.4754,0.636,"rs1436708"
"1768145",13,"rs2151479",56293732,"A","ADD",76,-0.3282,-0.6649,0.5084,"rs1436708"
"1768153",13,"GSA-rs6561864",56311909,"T","ADD",79,-0.6577,-1.65,0.1033,"rs1436708"
"1768161",13,"rs9597253",56325291,"T","ADD",78,0.5184,1.344,0.1833,"rs1436708"
"1768169",13,"rs9597255",56329717,"A","ADD",79,0.03236,0.08267,0.9343,"rs1436708"
"1768177",13,"rs9597265",56363447,"T","ADD",79,1.196,1.426,0.1582,"rs1436708"
"1768185",13,"rs2313525",56416110,"T","ADD",78,-0.6243,-1.282,0.2043,"rs1436708"
"1768193",13,"rs73203368",56421523,"C","ADD",78,0.9015,1.556,0.1242,"rs1436708"
"1768201",13,"rs4885944",56426577,"G","ADD",78,-0.7583,-1.401,0.1657,"rs1436708"
"1768209",13,"rs3913160",56443223,"T","ADD",79,-0.6548,-1.722,0.08947,"rs1436708"
"1768217",13,"GSA-rs9537297",56489444,"T","ADD",79,-0.8601,-1.938,0.05662,"rs1436708"
"1768225",13,"GSA-rs61948722",56576279,"G","ADD",79,1.189,1.696,0.09423,"rs1436708"
"1768233",13,"GSA-rs11840438",56578765,"A","ADD",79,-0.5122,-1.209,0.2309,"rs1436708"
"1768241",13,"GSA-rs185025954",56592956,"A","ADD",79,-0.4575,-0.6077,0.5454,"rs1436708"
"1768249",13,"rs17842504",56612809,"A","ADD",79,-1.226,-1.629,0.1077,"rs1436708"
"1768257",13,"rs166861",56659522,"C","ADD",78,-0.3807,-0.5763,0.5663,"rs1436708"
"1768265",13,"GSA-rs9597337",56670743,"G","ADD",79,-0.6639,-1.671,0.09911,"rs1436708"
"1768273",13,"GSA-rs2314449",56821623,"T","ADD",79,-0.5821,-1.573,0.1202,"rs1436708"
"1768281",13,"GSA-rs17535311",56849260,"C","ADD",79,-1.045,-1.232,0.2222,"rs1436708"
"1768289",13,"exm2264527",56863954,"C","ADD",79,0.09121,0.07153,0.9432,"rs1436708"
"1768297",13,"rs806471",56992893,"A","ADD",77,-1.173,-2.333,0.0226,"rs1436708"
"1768305",13,"rs9527514",57026860,"A","ADD",79,-0.08227,-0.16,0.8734,"rs1436708"
"1768313",13,"rs9563405",57027226,"C","ADD",79,-0.7047,-1.901,0.06137,"rs1436708"
"1768321",13,"GSA-rs9537386",57031979,"A","ADD",79,-0.08227,-0.16,0.8734,"rs1436708"
"1768329",13,"GSA-rs1936320",57132423,"A","ADD",79,-0.4306,-0.9252,0.358,"rs1436708"
"1768337",13,"rs12859289",57193801,"A","ADD",79,0.8215,1.689,0.09565,"rs1436708"
"1768345",13,"rs9569508",57223354,"C","ADD",79,-0.4306,-0.9252,0.358,"rs1436708"
"1768353",13,"GSA-rs77051867",57269232,"A","ADD",79,0.7988,0.8999,0.3713,"rs1436708"
"1768361",13,"rs812612",57300288,"T","ADD",79,0.8816,1.795,0.07703,"rs1436708"
"1768369",13,"rs213288",57306274,"C","ADD",79,0.04691,0.1077,0.9145,"rs1436708"
"1768377",13,"rs3904633",57353552,"T","ADD",79,-0.6661,-1.653,0.1028,"rs1436708"
"1932065",15,"rs17271625",62631912,"T","ADD",79,-0.1255,-0.2648,0.792,"rs8031916"
"1932073",15,"rs290337",62634340,"T","ADD",79,0.01653,0.04301,0.9658,"rs8031916"
"1932081",15,"GSA-rs290335",62635674,"A","ADD",79,0.3621,0.9183,0.3616,"rs8031916"
"1932089",15,"rs2016579",62645014,"A","ADD",79,-1.644,-2.22,0.02968,"rs8031916"
"1932097",15,"rs8040593",62647617,"G","ADD",79,-0.2038,-0.4556,0.6501,"rs8031916"
"1932105",15,"GSA-rs8025646",62648478,"G","ADD",79,-0.2038,-0.4556,0.6501,"rs8031916"
"1932113",15,"rs289153",62648611,"T","ADD",78,0.01832,0.03478,0.9724,"rs8031916"
"1932121",15,"rs17271667",62657278,"C","ADD",79,-0.4713,-0.9436,0.3486,"rs8031916"
"1932129",15,"rs290312",62661394,"T","ADD",79,0.4135,1.155,0.2519,"rs8031916"
"1932137",15,"rs2261472",62680950,"G","ADD",79,0.1395,0.301,0.7643,"rs8031916"
"1932145",15,"rs2456930",62687339,"A","ADD",79,-0.007499,-0.01786,0.9858,"rs8031916"
"1932153",15,"rs290299",62695714,"T","ADD",79,0.2914,0.6847,0.4958,"rs8031916"
"1932161",15,"rs8032921",62709647,"T","ADD",79,0.2367,0.5125,0.6099,"rs8031916"
"1932169",15,"rs12911081",62716641,"C","ADD",79,-0.03549,-0.08178,0.9351,"rs8031916"
"1932177",15,"rs10519148",62720363,"T","ADD",79,-0.4028,-0.8006,0.4261,"rs8031916"
"1932185",15,"GSA-rs74917718",62725001,"T","ADD",79,1.257,1.457,0.1495,"rs8031916"
"1932193",15,"rs2456468",62728304,"C","ADD",77,-0.606,-1.249,0.2158,"rs8031916"
"1932201",15,"GSA-rs11632662",62729354,"G","ADD",79,-0.511,-1.105,0.2729,"rs8031916"
"1932209",15,"rs1066677",62739463,"C","ADD",79,-0.2343,-0.5719,0.5692,"rs8031916"
"1932217",15,"rs1083870",62747838,"T","ADD",79,0.5396,1.259,0.212,"rs8031916"
"1932225",15,"rs370873",62764680,"G","ADD",79,0.7997,1.884,0.06374,"rs8031916"
"1932233",15,"rs4775508",62768611,"G","ADD",79,0.6014,1.537,0.1287,"rs8031916"
"1932241",15,"GSA-rs74019789",62785480,"T","ADD",79,0.5082,0.5633,0.575,"rs8031916"
"1932249",15,"rs443565",62788601,"G","ADD",79,0.1437,0.2909,0.772,"rs8031916"
"1932257",15,"rs4522368",62820134,"T","ADD",77,-0.7377,-1.486,0.1418,"rs8031916"
"1932265",15,"rs1865486",62864393,"G","ADD",78,0.01698,0.04237,0.9663,"rs8031916"
"1932273",15,"rs7182711",62878416,"T","ADD",79,0.3691,0.4268,0.6708,"rs8031916"
"1932281",15,"rs79513730",62889540,"A","ADD",79,-0.9357,-0.9209,0.3603,"rs8031916"
"1932289",15,"rs12908357",62899904,"G","ADD",79,0.2939,0.7342,0.4653,"rs8031916"
"1932297",15,"rs28588975",62902833,"T","ADD",79,-0.4409,-0.5608,0.5767,"rs8031916"
"1932305",15,"rs75131383",62911113,"C","ADD",79,-0.8271,-0.9413,0.3498,"rs8031916"
"1932313",15,"GSA-rs76830550",62911855,"T","ADD",79,-0.2109,-0.235,0.8149,"rs8031916"
"1932321",15,"rs7173616",62914165,"T","ADD",79,-0.4112,-1.058,0.2937,"rs8031916"
"1932329",15,"rs11852700",62929841,"G","ADD",79,-0.2779,-0.7393,0.4622,"rs8031916"
"1932337",15,"rs6494334",62932586,"T","ADD",79,0.3018,0.5126,0.6098,"rs8031916"
"1932345",15,"rs11071680",62935491,"G","ADD",79,0.2874,0.4665,0.6423,"rs8031916"
"1932353",15,"rs938979",62939440,"T","ADD",79,0.1937,0.4943,0.6227,"rs8031916"
"1932361",15,"GSA-rs76899875",62943580,"A","ADD",79,0.1218,0.1588,0.8743,"rs8031916"
"1932369",15,"rs12591037",62948909,"T","ADD",79,0.3962,0.915,0.3633,"rs8031916"
"1932377",15,"GSA-rs72755855",62959472,"T","ADD",79,-1.323,-1.645,0.1045,"rs8031916"
"1932385",15,"rs4775525",62961718,"G","ADD",79,-0.1272,-0.1771,0.86,"rs8031916"
"1932393",15,"rs11631589",62968287,"T","ADD",79,0.4022,0.9316,0.3547,"rs8031916"
"1932401",15,"rs11071683",62970712,"G","ADD",79,0.1036,0.2501,0.8033,"rs8031916"
"1932409",15,"rs12900659",62975538,"G","ADD",79,-0.153,-0.2722,0.7862,"rs8031916"
"1932417",15,"rs73435666",62977699,"G","ADD",79,-0.8731,-2.118,0.03774,"rs8031916"
"1932425",15,"GSA-rs78610372",62979624,"G","ADD",79,-0.5668,-0.6812,0.498,"rs8031916"
"1932433",15,"rs1320191",63009804,"G","ADD",79,-0.0009825,-0.001953,0.9984,"rs8031916"
"1932441",15,"rs62004625",63014072,"C","ADD",78,0.6363,1.14,0.2584,"rs8031916"
"1932449",15,"rs11852529",63021315,"C","ADD",79,-0.5759,-0.8529,0.3966,"rs8031916"
"1932457",15,"rs76182134",63035448,"A","ADD",79,-0.7155,-0.9735,0.3337,"rs8031916"
"1932465",15,"rs8031916",63043547,"T","ADD",79,-1.755,-4.672,1.399e-05,"rs8031916"
"1932473",15,"rs4775535",63043779,"T","ADD",79,-1.513,-3.457,0.0009328,"rs8031916"
"1932481",15,"rs938985",63045208,"C","ADD",79,-1.342,-2.99,0.003847,"rs8031916"
"1932489",15,"rs78180804",63050304,"T","ADD",79,-0.5923,-0.8987,0.3719,"rs8031916"
"1932497",15,"rs17740623",63056538,"A","ADD",79,-1.222,-2.762,0.007329,"rs8031916"
"1932505",15,"rs7165935",63060659,"T","ADD",79,-1.155,-2.522,0.01396,"rs8031916"
"1932513",15,"rs1353694",63066806,"G","ADD",79,-0.424,-0.6859,0.495,"rs8031916"
"1932521",15,"GSA-rs28689704",63097240,"G","ADD",78,0.138,0.2142,0.831,"rs8031916"
"1932529",15,"rs7177755",63099728,"C","ADD",79,-0.1999,-0.4467,0.6564,"rs8031916"
"1932537",15,"rs1553106",63103818,"C","ADD",79,-0.7171,-1.525,0.1318,"rs8031916"
"1932545",15,"GSA-rs937424",63105203,"A","ADD",79,-0.8617,-1.489,0.1411,"rs8031916"
"1932553",15,"rs3816988",63111739,"G","ADD",79,0.3194,0.4923,0.6241,"rs8031916"
"1932561",15,"rs937415",63117224,"A","ADD",79,-0.1278,-0.191,0.8491,"rs8031916"
"1932569",15,"GSA-rs117317945",63118562,"T","ADD",79,-0.6581,-0.8293,0.4098,"rs8031916"
"1932577",15,"rs2242379",63127774,"A","ADD",79,-0.2859,-0.7144,0.4774,"rs8031916"
"1932585",15,"rs7162883",63129129,"G","ADD",78,-0.587,-1.071,0.2878,"rs8031916"
"1932593",15,"rs62007063",63133046,"A","ADD",79,-0.5121,-0.7407,0.4614,"rs8031916"
"1932601",15,"rs540057",63150789,"G","ADD",79,-0.936,-2.524,0.01388,"rs8031916"
"1932609",15,"rs79163322",63158219,"C","ADD",79,-0.88,-0.987,0.327,"rs8031916"
"1932617",15,"GSA-rs561428",63158828,"T","ADD",79,-0.6242,-1.597,0.1148,"rs8031916"
"1932625",15,"rs648532",63165511,"G","ADD",79,-0.5163,-0.698,0.4875,"rs8031916"
"1932633",15,"GSA-rs649906",63165843,"T","ADD",79,-0.5163,-0.698,0.4875,"rs8031916"
"1932641",15,"GSA-rs650716",63170174,"G","ADD",79,-0.4874,-1.159,0.2505,"rs8031916"
"1932649",15,"GSA-rs80156053",63175242,"G","ADD",79,0.5678,0.6097,0.544,"rs8031916"
"1932657",15,"rs11639162",63181009,"G","ADD",79,-0.5208,-1.293,0.2003,"rs8031916"
"1932665",15,"GSA-rs58608199",63185501,"A","ADD",76,-1.17,-2.847,0.005852,"rs8031916"
"1932673",15,"rs12593170",63188188,"A","ADD",79,0.5471,0.5539,0.5814,"rs8031916"
"1932681",15,"rs11634431",63190035,"G","ADD",79,-0.7694,-2.03,0.04613,"rs8031916"
"1932689",15,"GSA-rs685201",63190224,"C","ADD",79,-0.5012,-1.286,0.2025,"rs8031916"
"1932697",15,"rs12439791",63192992,"A","ADD",79,-1.056,-2.451,0.01674,"rs8031916"
"1932705",15,"rs16946069",63193717,"T","ADD",79,1.007,1.421,0.1596,"rs8031916"
"1932713",15,"rs902023",63207340,"G","ADD",79,0.3366,0.8367,0.4056,"rs8031916"
"1932721",15,"rs1387386",63211875,"T","ADD",79,0.5568,1.069,0.2889,"rs8031916"
"1932729",15,"rs35348331",63215580,"C","ADD",78,0.1292,0.3065,0.7601,"rs8031916"
"1932737",15,"rs17744339",63220300,"T","ADD",79,-1.236,-2.333,0.02252,"rs8031916"
"1932745",15,"rs12907431",63227604,"C","ADD",79,-0.1115,-0.2944,0.7693,"rs8031916"
"1932753",15,"GSA-rs72755558",63236611,"C","ADD",79,0.1318,0.3297,0.7426,"rs8031916"
"1932761",15,"rs72755561",63238846,"G","ADD",79,0.276,0.4626,0.6451,"rs8031916"
"1932769",15,"rs72755564",63240237,"A","ADD",79,0.1438,0.2373,0.8131,"rs8031916"
"1932777",15,"GSA-rs4775567",63243552,"G","ADD",78,0.2,0.4894,0.6261,"rs8031916"
"1932785",15,"rs9635360",63244494,"A","ADD",77,0.4076,0.9688,0.3361,"rs8031916"
"1932793",15,"rs80324774",63247668,"C","ADD",78,-0.8271,-1.652,0.1031,"rs8031916"
"1932801",15,"rs4775571",63250311,"T","ADD",79,-0.1399,-0.3016,0.7639,"rs8031916"
"1932809",15,"rs13380048",63256016,"C","ADD",79,0.3673,0.642,0.5229,"rs8031916"
"1932817",15,"rs2414806",63261572,"G","ADD",79,-0.5781,-1.202,0.2335,"rs8031916"
"1932825",15,"GSA-rs4352001",63261653,"G","ADD",79,0.622,1.416,0.1613,"rs8031916"
"1932833",15,"rs7170891",63266624,"C","ADD",79,-0.7256,-1.595,0.1153,"rs8031916"
"1932841",15,"GSA-rs4775582",63267936,"T","ADD",79,0.2324,0.4945,0.6225,"rs8031916"
"1932849",15,"rs7179788",63272650,"G","ADD",79,0.4239,0.9237,0.3588,"rs8031916"
"1932857",15,"rs78123491",63280779,"A","ADD",79,1.934,2.083,0.04086,"rs8031916"
"1932865",15,"rs12437471",63288730,"C","ADD",79,-0.3715,-0.8601,0.3927,"rs8031916"
"2146889",18,"rs10502464",22567258,"A","ADD",79,-0.4495,-0.9562,0.3423,"rs7236481"
"2146897",18,"rs12458218",22575871,"T","ADD",79,0.7699,1.462,0.1481,"rs7236481"
"2146905",18,"rs1941611",22576025,"A","ADD",78,0.4745,1.153,0.2528,"rs7236481"
"2146913",18,"rs8090665",22587183,"A","ADD",79,-0.6074,-0.9812,0.3299,"rs7236481"
"2146921",18,"rs1954858",22595550,"A","ADD",79,-0.4422,-0.8631,0.391,"rs7236481"
"2146929",18,"rs2155853",22597099,"G","ADD",79,0.3395,0.873,0.3857,"rs7236481"
"2146937",18,"GSA-rs72878114",22606504,"A","ADD",78,0.6804,0.9205,0.3605,"rs7236481"
"2146945",18,"GSA-rs4800613",22607723,"G","ADD",78,0.3353,0.909,0.3665,"rs7236481"
"2146953",18,"rs56132597",22624707,"A","ADD",79,0.2265,0.5151,0.6081,"rs7236481"
"2146961",18,"rs72878142",22628177,"A","ADD",79,0.01511,0.02404,0.9809,"rs7236481"
"2146969",18,"GSA-rs9963409",22632927,"C","ADD",79,0.4238,1.066,0.2903,"rs7236481"
"2146977",18,"rs6508344",22646735,"G","ADD",79,0.1256,0.3328,0.7403,"rs7236481"
"2146985",18,"rs4465678",22654194,"A","ADD",79,-0.4669,-1.015,0.3137,"rs7236481"
"2146993",18,"rs8085461",22656876,"A","ADD",79,-0.436,-0.7458,0.4583,"rs7236481"
"2147001",18,"GSA-rs6508346",22660504,"C","ADD",79,0.2921,0.6386,0.5252,"rs7236481"
"2147009",18,"rs77631205",22662119,"G","ADD",79,-0.4547,-0.5083,0.6128,"rs7236481"
"2147017",18,"rs6508347",22671321,"T","ADD",77,0.507,1.261,0.2115,"rs7236481"
"2147025",18,"rs4459628",22672422,"A","ADD",79,0.7794,1.789,0.07797,"rs7236481"
"2147033",18,"GSA-rs8082886",22673224,"G","ADD",77,0.3439,0.8718,0.3864,"rs7236481"
"2147041",18,"GSA-rs35889630",22676398,"G","ADD",79,0.5971,0.7853,0.435,"rs7236481"
"2147049",18,"rs9946042",22677473,"T","ADD",79,0.3644,0.6444,0.5214,"rs7236481"
"2147057",18,"GSA-rs4129315",22683434,"G","ADD",79,0.4455,0.6841,0.4962,"rs7236481"
"2147065",18,"GSA-rs56233715",22683632,"A","ADD",79,-0.01487,-0.01861,0.9852,"rs7236481"
"2147073",18,"rs4800205",22693621,"T","ADD",79,0.3514,0.9077,0.3671,"rs7236481"
"2147081",18,"GSA-rs72887750",22705604,"C","ADD",79,0.4701,0.9062,0.368,"rs7236481"
"2147089",18,"GSA-rs4275929",22706688,"C","ADD",78,0.3798,0.9688,0.336,"rs7236481"
"2147097",18,"rs12968618",22728977,"T","ADD",78,-0.355,-0.904,0.3692,"rs7236481"
"2147105",18,"GSA-rs8083432",22731360,"C","ADD",79,0.4629,0.9268,0.3572,"rs7236481"
"2147113",18,"chr18:22739001",22739001,"A","ADD",79,-0.3447,-0.898,0.3723,"rs7236481"
"2147121",18,"rs7229946",22739001,"A","ADD",79,-0.3447,-0.898,0.3723,"rs7236481"
"2147129",18,"rs45535037",22741445,"T","ADD",78,-0.1631,-0.3709,0.7119,"rs7236481"
"2147137",18,"rs60830782",22747344,"G","ADD",79,1.258,2.08,0.04115,"rs7236481"
"2147145",18,"rs8087717",22747479,"C","ADD",79,0.04782,0.1135,0.9099,"rs7236481"
"2147153",18,"rs9960098",22765009,"C","ADD",78,-0.008107,-0.01889,0.985,"rs7236481"
"2147161",18,"rs4131294",22772210,"G","ADD",79,-0.3246,-0.5918,0.5559,"rs7236481"
"2147169",18,"rs9951747",22779660,"T","ADD",76,0.5496,0.6294,0.5312,"rs7236481"
"2147177",18,"rs7228099",22786478,"T","ADD",79,0.2367,0.5383,0.5921,"rs7236481"
"2147185",18,"GSA-rs74968660",22787965,"C","ADD",79,-0.4302,-0.6748,0.5021,"rs7236481"
"2147193",18,"rs8083787",22794075,"G","ADD",79,-0.6187,-0.9346,0.3532,"rs7236481"
"2147201",18,"rs78210523",22800812,"C","ADD",79,-0.6351,-0.7173,0.4756,"rs7236481"
"2147209",18,"rs36113849",22801268,"C","ADD",79,0.07055,0.1001,0.9206,"rs7236481"
"2147217",18,"rs73409117",22819001,"G","ADD",79,0.3351,0.4175,0.6776,"rs7236481"
"2147225",18,"rs8091632",22842153,"A","ADD",78,-0.2872,-0.6697,0.5053,"rs7236481"
"2147233",18,"rs10432210",22861794,"T","ADD",79,0.4297,0.8891,0.377,"rs7236481"
"2147241",18,"rs12955466",22869485,"A","ADD",79,-0.6616,-1.109,0.2714,"rs7236481"
"2147249",18,"rs8096459",22873246,"C","ADD",79,-0.1882,-0.4965,0.6211,"rs7236481"
"2147257",18,"rs7241342",22882212,"A","ADD",79,0.3319,0.7703,0.4437,"rs7236481"
"2147265",18,"GSA-rs9958887",22887059,"T","ADD",79,-1.318,-1.168,0.2468,"rs7236481"
"2147273",18,"GSA-rs12455054",22892475,"C","ADD",79,0.1912,0.4676,0.6416,"rs7236481"
"2147281",18,"rs8088626",22896666,"C","ADD",79,1.277,3.712,0.0004086,"rs7236481"
"2147289",18,"rs7236481",22897237,"G","ADD",79,2.116,4.935,5.218e-06,"rs7236481"
"2147297",18,"rs7239180",22897854,"C","ADD",79,1.241,2.72,0.008219,"rs7236481"
"2147305",18,"GSA-rs45590038",22901967,"C","ADD",79,2.275,2.774,0.007086,"rs7236481"
"2147313",18,"rs8083609",22914709,"T","ADD",79,-0.6927,-1.13,0.2624,"rs7236481"
"2147321",18,"rs12456829",22918008,"G","ADD",79,-1.187,-3.117,0.002651,"rs7236481"
"2147329",18,"rs45456199",22921426,"T","ADD",79,2.123,3.186,0.002154,"rs7236481"
"2147337",18,"rs4594329",22921715,"T","ADD",79,0.8205,1.971,0.05265,"rs7236481"
"2147345",18,"rs7230778",22927757,"C","ADD",79,1.267,2.124,0.03719,"rs7236481"
"2147353",18,"GSA-rs28394771",22929383,"T","ADD",79,-0.1561,-0.2677,0.7897,"rs7236481"
"2147361",18,"GSA-rs7233851",22940545,"T","ADD",79,-0.4605,-0.8657,0.3896,"rs7236481"
"2147369",18,"rs7243030",22947535,"T","ADD",79,0.4695,1.354,0.1801,"rs7236481"
"2147377",18,"rs4239442",22955544,"T","ADD",79,-0.2625,-0.5729,0.5686,"rs7236481"
"2147385",18,"rs4800631",22955681,"T","ADD",79,-0.2487,-0.6338,0.5283,"rs7236481"
"2147393",18,"rs12456060",22956218,"A","ADD",79,-0.7679,-1.544,0.1272,"rs7236481"
"2147401",18,"rs7407490",22971962,"A","ADD",79,-0.7065,-1.106,0.2726,"rs7236481"
"2147409",18,"rs7240975",22989234,"A","ADD",79,-0.1164,-0.2615,0.7945,"rs7236481"
"2147417",18,"rs12606854",22996651,"G","ADD",79,0.7487,1.786,0.07843,"rs7236481"
"2147425",18,"GSA-rs67705955",22997953,"A","ADD",79,0.06713,0.1496,0.8815,"rs7236481"
"2147433",18,"rs12456432",22998929,"A","ADD",79,0.1484,0.2987,0.7661,"rs7236481"
"2147441",18,"rs7505831",22999961,"C","ADD",79,0.4376,0.7315,0.4669,"rs7236481"
"2147449",18,"GSA-rs8086241",23005204,"G","ADD",79,-0.1205,-0.2184,0.8278,"rs7236481"
"2147457",18,"rs12971136",23014701,"A","ADD",79,0.1195,0.2593,0.7962,"rs7236481"
"2147465",18,"rs9916920",23028354,"A","ADD",79,1.005,1.748,0.08492,"rs7236481"
"2147473",18,"rs4800216",23038218,"T","ADD",79,-0.3304,-0.7685,0.4448,"rs7236481"
"2147481",18,"rs4800633",23039514,"T","ADD",79,0.5999,1.349,0.1816,"rs7236481"
"2147489",18,"rs16941505",23052630,"T","ADD",79,-0.171,-0.2146,0.8307,"rs7236481"
"2147497",18,"GSA-rs72878351",23052657,"T","ADD",79,-0.171,-0.2146,0.8307,"rs7236481"
"2147505",18,"rs17798938",23054508,"G","ADD",79,0.08391,0.1955,0.8455,"rs7236481"
"2147513",18,"rs7239453",23089710,"C","ADD",79,0.2179,0.5867,0.5593,"rs7236481"
"2147521",18,"rs77261242",23116728,"G","ADD",79,1.311,1.573,0.1202,"rs7236481"
"2147529",18,"GSA-rs72880020",23127108,"C","ADD",79,0.5369,0.8653,0.3898,"rs7236481"
"2147537",18,"rs166655",23129625,"C","ADD",79,-0.2324,-0.6077,0.5453,"rs7236481"
"2147545",18,"rs273730",23137574,"C","ADD",79,0.2265,0.2311,0.8179,"rs7236481"
"2147553",18,"rs76282746",23145328,"A","ADD",79,0.0907,0.124,0.9017,"rs7236481"
"2147561",18,"rs273717",23166571,"A","ADD",79,0.1147,0.3039,0.7621,"rs7236481"
"2147569",18,"rs1584975",23168192,"G","ADD",79,-0.08978,-0.2228,0.8244,"rs7236481"
"2147577",18,"rs273701",23181382,"T","ADD",79,0.01435,0.03825,0.9696,"rs7236481"
"2147585",18,"rs74611672",23200504,"C","ADD",79,0.214,0.2422,0.8093,"rs7236481"
"2147593",18,"GSA-rs17188452",23215111,"C","ADD",79,0.4439,0.5421,0.5895,"rs7236481"
"2147601",18,"rs2604479",23216354,"G","ADD",79,-0.1017,-0.237,0.8134,"rs7236481"
"2147609",18,"rs2728509",23225488,"A","ADD",78,-0.1284,-0.2929,0.7704,"rs7236481"
"2147617",18,"rs1840440",23257186,"T","ADD",79,-0.04175,-0.1047,0.9169,"rs7236481"
"2147625",18,"rs1823941",23260709,"C","ADD",78,0.1116,0.2607,0.7951,"rs7236481"
"2147633",18,"GSA-rs2019336",23261757,"T","ADD",79,-0.07738,-0.1796,0.858,"rs7236481"
"2147641",18,"rs2053698",23282065,"G","ADD",79,-0.07384,-0.1773,0.8598,"rs7236481"
"2147649",18,"rs9304480",23305715,"A","ADD",79,0.03792,0.05661,0.955,"rs7236481"
"2147657",18,"rs9954300",23307761,"T","ADD",79,0.005083,0.01205,0.9904,"rs7236481"
"2147665",18,"rs17799256",23328744,"C","ADD",77,-0.2388,-0.5391,0.5916,"rs7236481"
"2147673",18,"rs1971613",23335325,"A","ADD",78,0.03341,0.06327,0.9497,"rs7236481"
"2147681",18,"rs28727876",23342805,"C","ADD",79,0.2084,0.5028,0.6167,"rs7236481"
"2147689",18,"GSA-rs1622144",23347315,"A","ADD",76,0.2206,0.2945,0.7693,"rs7236481"
